zupanija,jls,stanovnika,davatelj_evidencija,razlog
Grad Zagreb,Zagreb,767131,"ZAGREBAČKI HOLDING D.O.O., PODRUŽNICA ČISTOĆA","skripta postoji (izvori/zagreb_cistoca.py), puno preuzimanje u tijeku"
Splitsko-dalmatinska,Split,160577,ČISTOĆA d.o.o. Split,"ne (stalna pravila, sadržaj iz 2025.) | html-tekst (pravila) | pokvareno kodiranje znakova; treba ručna obrada ili zatražiti podatke od Čistoće (0800 0021)"
Splitsko-dalmatinska,Solin,24862,ČISTOĆA d.o.o. Split,"ne (stalna pravila, sadržaj iz 2025.) | html-tekst (pravila) | pokvareno kodiranje znakova; treba ručna obrada ili zatražiti podatke od Čistoće (0800 0021)"
Istarska,Poreč – Parenzo,16607,Usluga Poreč d.o.o.,"plan za 2026. postoji (PDF 621.594 B na cms.usluga.hr), ali se preuzimanje odavde prekida; kopija nije pronađena – treba ručno preuzeti"
Istarska,Rovinj – Rovigno,12968,KOMUNALNI SERVIS D.O.O.,"nepoznato | nepoznato (Cloudflare blokira) | BLOKIRANO: komunalniservis.hr vraća Cloudflare 403 'Just a moment' (curl i WebFetch, sve stranice uklj. robots.txt). Pretpostavka da je davatelj iz registra ('KOMUNALNI SERVIS D.O.O.') rovinjski Komunalni servis – vidi izvori.csv Rovinj. Općina Bale (opci"
Varaždinska,Novi Marof,11795,NOVOKOM društvo s ograničenom odgovornošću za komunalne djelatnosti (Novi Marof),vjerojatno | vjerojatno pdf kalendar (nedostupno odavde) | potrebno ručno preuzimanje
Virovitičko-podravska,Slatina,11503,Slatina kom d.o.o.,pravila važeća | HTML (pravila) | nepoznato koji je tjedan A; pitati davatelja
Splitsko-dalmatinska,Podstrana,10403,ČISTOĆA d.o.o. Split,"ne (stalna pravila, sadržaj iz 2025.) | html-tekst (pravila) | pokvareno kodiranje znakova; treba ručna obrada ili zatražiti podatke od Čistoće (0800 0021)"
Zadarska,Benkovac,9680,Benković d.o.o.,ne | ništa objavljeno | zatražiti raspored od davatelja (023 684 153)
Splitsko-dalmatinska,Imotski,9153,Komunalno Društvo Grada Imotskog d.o.o.,"samo 3 od 9 JLS, bez miješanog | DOCX tablica | razdoblja od proljeća do proljeća"
Dubrovačko-neretvanska,Konavle,8607,ČISTOĆA d.o.o. (Dubrovnik),da (+ izmjena od 1.8.2026.) | pdf-sken | treba OCR ili ručni prijepis
Virovitičko-podravska,Pitomača,8402,Komunalno Pitomača d.o.o.,djelomično (kolovoz 2026 – veljača 2027) | pdf-tekst (dani) + slike (kalendari) | kalendari kao slike
Ličko-senjska,Otočac,8332,Gacka d.o.o. Otočac,"ne | nema | gacka.hr je samo stranica za ribolov na rijeci Gackoj (ista tvrtka), bez komunalnih sadržaja. Novi web Grada Otočca (otocac.hr, malo objava) nema raspored ni obavijesti o odvozu. Raspored nije javno objavljen online."
Primorsko-goranska,Mali Lošinj,7537,Komunalne usluge Cres Lošinj d.o.o.,"ne | nema (samo Ilovik 2025: pdf u boji) | Jedini objavljeni kalendar je za otok Ilovik 2025. (raspored-2025-ilovik.pdf, kalendar u boji s tjednima, ljeti češće; 2026. nije objavljen). Stari ljetni/zimski planovi (2014–2017) za Mali i Veli Lošinj, Cres više nisu aktualni. Sezonsko razlikovanje posto"
Ličko-senjska,Senj,5973,GRADSKO KOMUNLNO DRUŠTVO SENJ d.o.o.,"ne (zadnji objavljeni: ljetni 2024.; na stranici usluge trajni zimski 01.10.–15.06. i ljetni 15.06.–30.09. raspored iz 2020.) | pdf (tekst, Word) | Sezonski raspored (zimski/ljetni). Za 2025. i 2026. nema objave na webu (zadnje novosti 2026. samo o cjeniku i parkiranju). Raspored iz 2020. možda još "
Karlovačka,Ozalj,5837,Azelija eko d.o.o.,"ne | nema | Web davatelja (azelija-eko.hr) preusmjerava na Joomla instalacijsku stranicu – stranica ne radi. Ozalj, Kamanje, Ribnik i Žakanje na svojim stranicama imaju samo cjenike i Odluke (Azelija eko naveden kao davatelj, cjenik Kamanje od 1.4.2026.), bez rasporeda. komunalno-ozalj.hr i zakanje."
Krapinsko-zagorska,Marija Bistrica,5553,Lijepa Bistrica d.o.o.,"ne | nema (samo stari članak u HTML-u) | Davatelj nema vlastitu stranicu; općinski WP (marija-bistrica.hr, i media API) nema raspored za 2026. Jedini javni opis je nedatirani članak o početku rada (vjerojatno zastario: tada tjedni odvoz). Odluka iz 11/2025 propisuje 2× mjesečno miješani i reciklabil"
Splitsko-dalmatinska,Klis,5226,ČISTOĆA d.o.o. Split,"ne (stalna pravila, sadržaj iz 2025.) | html-tekst (pravila) | pokvareno kodiranje znakova; treba ručna obrada ili zatražiti podatke od Čistoće (0800 0021)"
Vukovarsko-srijemska,Trpinja,4167,Krio d.o.o.,"ne | nema | krio.hr vraća HTTP 500 (prazno) u dva pokušaja; općinska stranica opcinatrpinja.hr (Joomla) ima samo odluke i cjenik, pretraga 'odvoz'/'otpad' bez rasporeda. Web pretraga ne nalazi raspored."
Splitsko-dalmatinska,Dugopolje,3742,ČISTOĆA d.o.o. Split,"ne (stalna pravila, sadržaj iz 2025.) | html-tekst (pravila) | pokvareno kodiranje znakova; treba ručna obrada ili zatražiti podatke od Čistoće (0800 0021)"
Ličko-senjska,Plitvička Jezera,3649,Komunalac d.o.o. (Plitvička Jezera),ne | nema | Davatelj nema pronađenu web stranicu (pokušane domene ne postoje/502). Stranica Općine (plitvicka-jezera.hr/gospodarenje-otpadom/) ima samo PGO izvješća i Odluke; pretraga 'raspored odvoza' daje samo obavijest o glomaznom otpadu bez sadržaja. Raspored nije objavljen online.
Splitsko-dalmatinska,Muć,3465,KOMUNALNO PODUZEĆE MUĆ D.O.O,"ne | nema | Davatelj nema vlastitu stranicu; općina muc.hr ima samo stranicu tvrtke (kontakt, nabava) i dokumente (odluka 2024. kao sken, cjenik, PGO 2015.–2021.), bez rasporeda odvoza. Zatražiti raspored od davatelja."
Zadarska,Obrovac,3453,LOŠI D.O.O.,"djelomično (Pakoštane 2026 da; Obrovac samo stalni raspored iz 09/2025) | pdf (tekst) | web kaže da tvrtka radi samo za Općinu Pakoštane; Obrovac raspored postoji samo u starijem PDF-u (raspored_odvoza_pak-obr.pdf, rujan 2025) – provjeriti je li Loši još davatelj u Obrovcu; pakostane.hr nedostupan ("
Brodsko-posavska,Nova Kapela,3393,KOMUNALAC DAVOR d.o.o.,"vjerojatno da (nije provjereno, stranica trenutno pada) | API/JSON (WordPress admin-ajax) | Stranice /odvoz-otpada-novi-dizajn/ i /odvoz-komunalnog-otpada/ i nova naslovnica vraćaju 500 (WordPress kritična greška) 7.10.2026.; keširana naslovnica ima widget i nonce, ali admin-ajax s njim vraća -1 (is"
Istarska,Žminj,3360,KOMUNALNI SERVIS D.O.O.,vjerojatno | nepoznato (Cloudflare blokira) | treba ručno preuzeti
Vukovarsko-srijemska,Stari Jankovci,3271,EKO JANKOVCI d.o.o.,ne | nema (za 2026.); 2024. pdf (tekst) | Davatelj nema stranicu (eko-jankovci.hr ne postoji). Općinski portal gospodarenja otpadom ima samo 'Raspored-odvoza-otpada-za-2024_za-objavu.pdf' i 'KALENDAR-OTPADA-2024.doc.pdf'; media API bez novijih datoteka; o-jankovci.hr bez rasporeda. Format 2024. bi b
Primorsko-goranska,Čabar,3226,Komunalno trgovačko društvo Čabar d.o.o.,ne | nema za 2026. (2024.: pdf u boji iz Excela + xlsx + jpg) | Zadnji objavljeni kalendar je za 2024. (Kalendar-odvoza-otpada-2024.pdf/.xlsx); za 2025. i 2026. ništa na webu (WP media nakon 2025-06 bez kalendara).
Splitsko-dalmatinska,Proložac,3112,Čistoća Imotske krajine d.o.o.,"samo 3 od 9 JLS, bez miješanog | DOCX tablica | razdoblja od proljeća do proljeća"
Sisačko-moslavačka,Dvor,2996,DVORKOM D.O.O.,djelomično (samo mjesečne obavijesti o tjednu odvoza reciklabilnog; nema godišnjeg rasporeda) | HTML (samo obavijesti po mjesecu) | Na stranici piše 'Redoviti raspored odvoza otpada' ali nema poveznice. Iste obavijesti objavljuje i dvor.hr. Raspored se može pratiti samo iz mjesečnih objava.
Sisačko-moslavačka,Lipovljani,2807,LIPKOM SERVISI d.o.o,ne (nije dostupno) | nepoznato (web nedostupan) | lipkom-servisi.hr nedostupan iz ovog okruženja (TLS SSL_ERROR_SYSCALL; WebFetch 503) – blokirano/neispravno. lipovljani.hr ima samo kalendar za 2019. Općina ima mobilnu aplikaciju (moguće sadrži raspored). Treba ručno provjeriti.
Brodsko-posavska,Bukovlje,2727,JAKOB BECKER D.O.O.,"djelomično (Bukovlje samo 2025., Brodski Stupnik nema) | slika (snimka Excela)"
Primorsko-goranska,Cres,2716,Komunalne usluge Cres Lošinj d.o.o.,"ne | nema (samo Ilovik 2025: pdf u boji) | Jedini objavljeni kalendar je za otok Ilovik 2025. (raspored-2025-ilovik.pdf, kalendar u boji s tjednima, ljeti češće; 2026. nije objavljen). Stari ljetni/zimski planovi (2014–2017) za Mali i Veli Lošinj, Cres više nisu aktualni. Sezonsko razlikovanje posto"
Šibensko-kninska,Kistanje,2650,Komunalno Poduzeće Kistanje d.o.o.,"ne | nema | nema vlastitog weba (samo e-mail komunalno.poduzece.kistanje@gmail.com, tel. 095 655 4400); općinske stranice imaju samo odluke i planove (do 2017.), bez rasporeda; PDF Odluke o javnoj usluzi oštećen (pdftotext ne čita); zatražiti raspored od davatelja"
Šibensko-kninska,Primošten,2627,Bucavac d.o.o.,"ne | nema | raspored nije objavljen ni na bucavac.hr ni na primosten.hr (WP pretraga bez rezultata); samo cjenik 2026 i odluke; iz obavijesti 2020. vidi se da je MKO po područjima u fiksni dan u tjednu – zatražiti raspored (022/571-011, info@bucavac.hr)"
Vukovarsko-srijemska,Gunja,2600,Gunjanska čistoća d.o.o.,"ne | nema | Stranica davatelja ima samo cjenike (2026/01 cjenik od 1.2.2026.), savjetovanja i GFI; media API (search=raspored, i sve od 9/2025) bez rasporeda. gunja.hr kategorija 'Gospodarenje otpadom' bez rasporeda (zadnje 2024.). Povremeni reset veze na gunja.hr."
Krapinsko-zagorska,Klanjec,2548,Zelenjak d.o.o.,nepoznato (nedostupno) | pdf kalendar u boji (prema primjerku iz 2021.) | potrebno ručno preuzimanje
Karlovačka,Draganić,2541,EKO - FLOR PLUS D.O.O.,da | pdf-tekst (tablica datuma)
Krapinsko-zagorska,Desinić,2530,Zelenjak d.o.o.,nepoznato (nedostupno) | pdf kalendar u boji (prema primjerku iz 2021.) | potrebno ručno preuzimanje
Brodsko-posavska,Davor,2529,KOMUNALAC DAVOR d.o.o.,"vjerojatno da (nije provjereno, stranica trenutno pada) | API/JSON (WordPress admin-ajax) | Stranice /odvoz-otpada-novi-dizajn/ i /odvoz-komunalnog-otpada/ i nova naslovnica vraćaju 500 (WordPress kritična greška) 7.10.2026.; keširana naslovnica ima widget i nonce, ali admin-ajax s njim vraća -1 (is"
Dubrovačko-neretvanska,Ston,2491,Komunalno društvo Ston d.o.o.,"ne | nema | Stranica davatelja (kod-ston.hr) zastarjela (zadnje objave 2022.), samo cjenici i odluke iz 2016./2017.; općina opcinaston.hr ima samo odluke o usluzi; ston.hr je stranica turističke zajednice. Raspored odvoza nigdje nije objavljen."
Osječko-baranjska,Podgorač,2455,Našički park d.o.o.,"da | pdf (tekst) + slika (PNG kalendar u boji) | Isti izvor pokriva Grad Našice i Općinu Donja Motičina (izvan ovog popisa). PDF rasporeda je WPDM download (link s parametrom refresh, uzeti data-downloadurl sa stranice). Kalendar papira/plastike je jedan za sve (tjedni, ne dani). komunalac-podgorac."
Vukovarsko-srijemska,Stari Mikanovci,2419,Obrt za odvoz smeća UTVAJ,"ne | nema | Obrt (Retkovci) bez web stranice. vodjinci.hr (WP media/posts) nema raspored odvoza, samo PGO i obavijesti; Stari Mikanovci nema pronađenu općinsku stranicu (starimikanovci.hr / opcina-stari-mikanovci.hr ne razrješavaju se)."
Bjelovarsko-bilogorska,Veliki Grđevac,2316,VELIKI GRĐEVAC D.O.O.,ne | nema | Stranica usluge kaže samo 'prema važećem rasporedu' bez dokumenta; općinska stranica (veliki-grdjevac.hr) ima samo PGO i odluke iz 2019.–2022.
Bjelovarsko-bilogorska,Ivanska,2256,Ivankom j.d.o.o.,"djelomično (trajna pravila od 2021.; godišnji kalendar postoji samo za 2023. i 2024.) | HTML (pravila) | Kalendari odvoza 2023. i 2024. (PDF) na /usluga-odvoza-komunalnog-otpada/, za 2025. i 2026. nema. Nejasno što je '4. tjedan' u mjesecima s 5 tjedana."
Sisačko-moslavačka,Topusko,2222,KOMUNALNO TOPUSKO D.O.O.,"ne | nema | Web davatelja ima samo osnovne informacije (cjenik, glomazni, reciklažno dvorište), bez rasporeda. gvozd.hr ima samo Odluke/cjenik (2018.–2022.), topusko.hr ništa o odvozu. Raspored vjerojatno samo letak/Facebook."
Sisačko-moslavačka,Gvozd,2047,KOMUNALNO TOPUSKO D.O.O.,"ne | nema | Web davatelja ima samo osnovne informacije (cjenik, glomazni, reciklažno dvorište), bez rasporeda. gvozd.hr ima samo Odluke/cjenik (2018.–2022.), topusko.hr ništa o odvozu. Raspored vjerojatno samo letak/Facebook."
Dubrovačko-neretvanska,Slivno,2046,Komunalac Slivno d.o.o.,"ne | nema | Stranica 'Sakupljanje i odvoz otpada' je prazna (predložak 'Wastey'); općina opcina-slivno.hr ima samo stare obavijesti o krupnom otpadu (2018.). Odvoz uglavnom iz zajedničkih kontejnera, raspored nije objavljen."
Krapinsko-zagorska,Tuhelj,2043,Zelenjak d.o.o.,nepoznato (nedostupno) | pdf kalendar u boji (prema primjerku iz 2021.) | potrebno ručno preuzimanje
Vukovarsko-srijemska,Jarmina,2016,NEVKOŠ D.O.O.,"ne | nema | Nevkoš za Jarminu objavljuje samo cjenik i odluke (2026/06/Cjenik-za-objavu-Jarmina-2026.pdf), bez rasporeda; media API (search=jarmin) nema rasporeda; jarmina.hr (gospodarenje otpadom) ga također nema. Ostalih 6 općina ima PDF (vidi Nevkoš red)."
Splitsko-dalmatinska,Tučepi,1819,Tučepi d.o.o.,"ne (opća pravila iz 2023., bez datuma sezona i podjele na termine) | slika (PNG), pravila | Slika iz ožujka 2023.; granice zimskog/ljetnog perioda i raspodjela kućanstava po terminima nisu objavljeni. Općina tucepi.hr upućuje na info-cor.com (gospodarenje otpadom), bez rasporeda."
Zadarska,Sali,1746,Mulić d.o.o.,"ne | nema | davatelj nema web (mulic.hr ne postoji); općina objavljuje samo odluku (03/2026), cjenik (09/2025, 03/2026) i raspored MRD-a iz 2021.; WP pretraga opcina-sali.hr bez rasporeda odvoza; otok (Dugi otok) – vjerojatno sezonski režim, zatražiti od davatelja"
Karlovačka,Žakanje,1732,Azelija eko d.o.o.,"ne | nema | Web davatelja (azelija-eko.hr) preusmjerava na Joomla instalacijsku stranicu – stranica ne radi. Ozalj, Kamanje, Ribnik i Žakanje na svojim stranicama imaju samo cjenike i Odluke (Azelija eko naveden kao davatelj, cjenik Kamanje od 1.4.2026.), bez rasporeda. komunalno-ozalj.hr i zakanje."
Splitsko-dalmatinska,Vrlika,1728,EKO VRLIKA d.o.o. za komunalne djelatnosti,"ne | nema | Davatelj nema vlastitu stranicu. Grad (vrlika.hr) objavio 28.8.2019. vijest 'Raspored odvoza smeća' s rasporedom 'u privitku', ali privitak nije dostupan na stranici; noviji raspored nije objavljen."
Brodsko-posavska,Vrbje,1691,KOMUNALAC DAVOR d.o.o.,"vjerojatno da (nije provjereno, stranica trenutno pada) | API/JSON (WordPress admin-ajax) | Stranice /odvoz-otpada-novi-dizajn/ i /odvoz-komunalnog-otpada/ i nova naslovnica vraćaju 500 (WordPress kritična greška) 7.10.2026.; keširana naslovnica ima widget i nonce, ali admin-ajax s njim vraća -1 (is"
Varaždinska,Ljubešćica,1689,NOVOKOM društvo s ograničenom odgovornošću za komunalne djelatnosti (Novi Marof),vjerojatno | vjerojatno pdf kalendar (nedostupno odavde) | potrebno ručno preuzimanje
Bjelovarsko-bilogorska,Štefanje,1688,EKO - FLOR PLUS D.O.O.,"da (43 od 44; Štefanje samo 2025.) | pdf u boji (tekstni sloj): Eko-Flor predložak za 40 JLS, Mull-Trans Word za Svetu Nedelju i Jastrebarsko | eko-flor.hr više nema stranica općina; Mikleuš, Donji Andrijevci i Stankovci u evidenciji imaju drugog davatelja, ali Mull-Trans za njih objavljuje 2026."
Splitsko-dalmatinska,Zmijavci,1654,Čistoća Imotske krajine d.o.o.,"samo 3 od 9 JLS, bez miješanog | DOCX tablica | razdoblja od proljeća do proljeća"
Vukovarsko-srijemska,Vođinci,1634,Obrt za odvoz smeća UTVAJ,"ne | nema | Obrt (Retkovci) bez web stranice. vodjinci.hr (WP media/posts) nema raspored odvoza, samo PGO i obavijesti; Stari Mikanovci nema pronađenu općinsku stranicu (starimikanovci.hr / opcina-stari-mikanovci.hr ne razrješavaju se)."
Splitsko-dalmatinska,Selca,1613,MICHIELI-TOMIĆ doo,"ne (samo trajna pravila iz 2019.) | pdf (tekst), pravila iz 2019. | Nema datuma ni rasporeda za 2026.; općinske stranice (bol.hr, nerezisca.hr, opcina-postira.hr, pucisca.hr, selca.hr, sutivan.hr) nemaju raspored, milna.hr nedostupna (502). Isti PDF iz 2019. navodi i Općinu Stankovci (Zadarska: 1.9."
Krapinsko-zagorska,Kraljevec na Sutli,1591,Zelenjak d.o.o.,nepoznato (nedostupno) | pdf kalendar u boji (prema primjerku iz 2021.) | potrebno ručno preuzimanje
Sisačko-moslavačka,Jasenovac,1559,Komunalni servisi Jasenovac d.o.o.,"ne | nema | Web (Squarespace, komunalniservisi.eu; link s opcina-jasenovac.hr) ima samo obavijesti (čipiranje spremnika lipanj 2026., radno vrijeme) i dokumente (cjenik 2026., Odluke), bez rasporeda odvoza. jasenovac.hr nedostupan (502); općinska stranica je opcina-jasenovac.hr."
Istarska,Kanfanar,1498,KOMUNALNI SERVIS D.O.O.,davatelj Komunalni servis d.o.o. Rovinj; stranica blokirana (Cloudflare) – treba ručno preuzeti
Sisačko-moslavačka,Hrvatska Dubica,1462,KOMUNALAC d.o.o. (Hrvatska Dubica),"ne | nema (samo HTML obavijesti o glomaznom otpadu) | Davatelj nema vlastiti web; podstranica na hrvatska-dubica.hr ima cjenik, financijska izvješća i obavijesti o glomaznom otpadu, bez rasporeda odvoza MKO/reciklabilnog. Mala općina (5 naselja)."
Dubrovačko-neretvanska,Kula Norinska,1414,Čistoća Metković d.o.o.,"da | HTML tablica (cijela godina, 9.641 redaka) | nema naselja Kule Norinske"
Krapinsko-zagorska,Kumrovec,1412,Zelenjak d.o.o.,nepoznato (nedostupno) | pdf kalendar u boji (prema primjerku iz 2021.) | potrebno ručno preuzimanje
Splitsko-dalmatinska,Lovreć,1402,Čistoća Imotske krajine d.o.o.,"samo 3 od 9 JLS, bez miješanog | DOCX tablica | razdoblja od proljeća do proljeća"
Primorsko-goranska,Fužine,1394,FUŽINE D.O.O.,"ne | nema | Davatelj (KTD Fužine d.o.o., Lič) nema web; općinska stranica navodi javnu uslugu skupljanja MKO i bio, ali bez rasporeda. Odluka iz 2018. ('9. ODLUKA FUŽINE smeće', Službene novine) jedini dokument."
Splitsko-dalmatinska,Komiža,1394,NAUTIČKI CENTAR KOMIŽA D.O.O.,"ne | nema | Davatelj nema vlastitu stranicu; objave su na stranici Grada Komiže (dvije podstranice: 'stare objave' i 'od 2026. godine'), samo cjenici, odluke, obavijest o glomaznom otpadu (2020.) i biootpadu (2019.). Raspored odvoza nije objavljen. Domena nck.hr pripada knjižnici u Novom Vinodolskom"
Ličko-senjska,Donji Lapac,1366,Visočica Komunalac d.o.o.,ne | nema | Davatelj nema pronađenu web stranicu (pokušane domene 502). donjilapac.hr ima samo savjetovanje o Odluci (kolovoz 2026.) i sanaciju odlagališta Bare; rasporeda nema.
Ličko-senjska,Udbina,1334,Komunalac Udbina d.o.o.,"ne | nema | komunalac-udbina.hr (link s udbina.hr) nedostupan (502 – domena ne radi). udbina.hr ima samo Odluke (komunalno gospodarstvo), lovinac.hr samo stranicu o projektu otpada. Raspored nije objavljen online."
Karlovačka,Krnjak,1332,Krnjak Komunalac d.o.o. za komunelne djelatnosti,"ne | nema (samo HTML obavijesti) | Davatelj nema web (pokušane domene 502); objave preko krnjak.hr. Zadnja obavijest o MKO iz 2024., glomazni 06.10.2025. Raspored za 2026. nije objavljen online."
Šibensko-kninska,Unešić,1269,EKO ZAGORA D.O.O.,ne | nema | davatelj nema web (ekozagora.hr ne postoji); općinska stranica 'Eko zagora' ima samo cjenik 2026 (sken) i savjetovanje; WP pretraga unesic.hr bez rasporeda; zatražiti raspored
Zadarska,Galovac,1258,ČISTOĆA d.o.o. Zadar,da (živi podaci) | pretraga po adresi (HTML endpoint) | autocomplete.php (max 15) + calendar.php (3 mjeseca po zahtjevu)
Šibensko-kninska,Biskupija,1177,KOMUNALNO DRUŠTVO BISKUPIJA d.o.o.,"ne | nema | davatelj nema web; biskupija.hr ima samo PGO i odluke (2018.–2020.); civljane.hr bez rasporeda (WP pretraga samo PGO 2021.); ervenik.hr vraća 403 (WP Defender) za curl, WebFetch naslovnice bez spomena otpada; zatražiti raspored od davatelja ili općina"
Istarska,Bale – Valle,1170,KOMUNALNI SERVIS D.O.O.,"nepoznato | nepoznato (Cloudflare blokira) | BLOKIRANO: komunalniservis.hr vraća Cloudflare 403 'Just a moment' (curl i WebFetch, sve stranice uklj. robots.txt). Pretpostavka da je davatelj iz registra ('KOMUNALNI SERVIS D.O.O.') rovinjski Komunalni servis – vidi izvori.csv Rovinj. Općina Bale (opci"
Splitsko-dalmatinska,Zagvozd,957,Čistoća Imotske krajine d.o.o.,"samo 3 od 9 JLS, bez miješanog | DOCX tablica | razdoblja od proljeća do proljeća"
Ličko-senjska,Lovinac,943,Komunalac Udbina d.o.o.,"ne | nema | komunalac-udbina.hr (link s udbina.hr) nedostupan (502 – domena ne radi). udbina.hr ima samo Odluke (komunalno gospodarstvo), lovinac.hr samo stranicu o projektu otpada. Raspored nije objavljen online."
Krapinsko-zagorska,Zagorska Sela,899,Zelenjak d.o.o.,nepoznato (nedostupno) | pdf kalendar u boji (prema primjerku iz 2021.) | potrebno ručno preuzimanje
Splitsko-dalmatinska,Nerežišća,878,MICHIELI-TOMIĆ doo,"ne (samo trajna pravila iz 2019.) | pdf (tekst), pravila iz 2019. | Nema datuma ni rasporeda za 2026.; općinske stranice (bol.hr, nerezisca.hr, opcina-postira.hr, pucisca.hr, selca.hr, sutivan.hr) nemaju raspored, milna.hr nedostupna (502). Isti PDF iz 2019. navodi i Općinu Stankovci (Zadarska: 1.9."
Karlovačka,Kamanje,827,Azelija eko d.o.o.,"ne | nema | Web davatelja (azelija-eko.hr) preusmjerava na Joomla instalacijsku stranicu – stranica ne radi. Ozalj, Kamanje, Ribnik i Žakanje na svojim stranicama imaju samo cjenike i Odluke (Azelija eko naveden kao davatelj, cjenik Kamanje od 1.4.2026.), bez rasporeda. komunalno-ozalj.hr i zakanje."
Šibensko-kninska,Ervenik,789,KOMUNALNO DRUŠTVO BISKUPIJA d.o.o.,"ne | nema | davatelj nema web; biskupija.hr ima samo PGO i odluke (2018.–2020.); civljane.hr bez rasporeda (WP pretraga samo PGO 2021.); ervenik.hr vraća 403 (WP Defender) za curl, WebFetch naslovnice bez spomena otpada; zatražiti raspored od davatelja ili općina"
Zadarska,Tkon,748,Orlić d.o.o.,"ne (nije potvrđeno; jedini izvor iz 2020.) | nema (samo službeni glasnik 2020., pdf) | tkon.hr blokiran (tunnel reset / 503, i preko WebFetch), orlic.hr ne postoji; općina ima stranice 'Mobilno reciklažno dvorište' i obavijesti o staklu; provjeriti iz drugog okruženja"
Dubrovačko-neretvanska,Lastovo,748,Komunalac d.o.o. Lastovo,"ne | nema | Davatelj nema vlastitu stranicu; Općina Lastovo (lastovo.hr, provjereno i preko WP REST API pretrage 'otpad') objavljuje samo savjetovanja o odluci (izmjene 2026.) i cjeniku, bez rasporeda odvoza."
Splitsko-dalmatinska,Lokvičići,667,Čistoća Imotske krajine d.o.o.,"samo 3 od 9 JLS, bez miješanog | DOCX tablica | razdoblja od proljeća do proljeća"
Ličko-senjska,Vrhovine,653,Vrhkom d.o.o. Vrhovine,ne | nema | Davatelj nema vlastiti web (vrhkom.hr 502); podstranica na vrhovine.hr ima samo podatke o tvrtki. Općina objavljuje samo izvanredne obavijesti.
Zadarska,Lišane Ostrovičke,593,Benković d.o.o.,ne | ništa objavljeno | zatražiti raspored od davatelja (023 684 153)
Dubrovačko-neretvanska,Zažablje,553,ČISTOĆA OPUZEN D.O.O.,"ne | nema | Zaseban redak za Zažablje: raspored Čistoće Opuzen obuhvaća samo ulice Opuzena. Općina (obavijest 19.2.2026.) opisuje samo zajedničke kontejnere u Bijelom Viru, Kosi, Mliništu, Mislini i Badžuli, bez dana odvoza. Registar: EJU_01/IRDJU 2023. Zažablje d.o.o. (odvoz obavlja Čistoća Opuzen)"
Dubrovačko-neretvanska,Janjina,522,VLASTITI POGON OPĆINE JANJINA,ne | nema | Općina obavlja odvoz vlastitim pogonom; na janjina.hr (WP API pretraga 'otpad') samo obavijest 23.2.2026. o odlaganju MKO na deponij u Karlovcu i najava 'o novom načinu prikupljanja ćemo vas uskoro obavijestiti'; raspored nije objavljen.
Karlovačka,Saborsko,466,Sabkom d.o.o.,"ne (samo obavijesti o pomacima; zadnji objavljeni raspored 2023.) | HTML (obavijesti); za 2026. nema godišnjeg rasporeda | Obavijesti 2026. potvrđuju isti obrazac (Saborsko četvrtkom, Lička Jesenica/Begovac/Blata petkom, svaka 2 tjedna), ali godišnji raspored za 2026. nije objavljen. Moguće izvesti "
Karlovačka,Ribnik,362,Azelija eko d.o.o.,"ne | nema | Web davatelja (azelija-eko.hr) preusmjerava na Joomla instalacijsku stranicu – stranica ne radi. Ozalj, Kamanje, Ribnik i Žakanje na svojim stranicama imaju samo cjenike i Odluke (Azelija eko naveden kao davatelj, cjenik Kamanje od 1.4.2026.), bez rasporeda. komunalno-ozalj.hr i zakanje."
Šibensko-kninska,Civljane,171,KOMUNALNO DRUŠTVO BISKUPIJA d.o.o.,"ne | nema | davatelj nema web; biskupija.hr ima samo PGO i odluke (2018.–2020.); civljane.hr bez rasporeda (WP pretraga samo PGO 2021.); ervenik.hr vraća 403 (WP Defender) za curl, WebFetch naslovnice bez spomena otpada; zatražiti raspored od davatelja ili općina"
