grad,zupanija,stanovnika,davatelj,web,pokriva,stranica,format,granulacija,obrazac,blagdani,vrste,raspored_2026,napor,status,napomena
Zagreb,Grad Zagreb,767131,Zagrebački holding d.o.o. – Podružnica Čistoća,https://www.cistoca.hr,Grad Zagreb,https://www.cistoca.hr/usluge/skupljanje-i-odvoz-otpada-22/odvoz-otpada-iz-kucanstva/1307 (i aplikacija Razvrstaj MojZG),"API (JSON, javni, Swagger razvrstajap.zagreb.hr/docs)","kućni broj (oko 120.000 adresa, 218 mjesnih odbora)","pravila: dan u tjednu, svaki tjedan / plavi tjedan (papir) / žuti tjedan (plastika); sidra u /configs",nema podataka (odvoz i na blagdane),"miješani, bio, papir, plastika i metal; staklo na zelenim otocima",da (živa pravila),srednji,istraženo,"GET /addresses?q=…&limit=…, GET /addresses/<id>; noćni odvozi u centru"
Split,Splitsko-dalmatinska,160577,Čistoća d.o.o. Split,https://www.cistoca-split.hr,"Split, Solin, Klis, Dugopolje, Podstrana",https://www.cistoca-split.hr/informacije/raspored-odvoza-otpada-po-blokovima,html-tekst (pravila),"blokovi I-X i područja, popisi ulica po učestalosti; velik dio grada na zajedničkim kontejnerima",pravila (npr. 3 puta tjedno pon/sri/pet; papir/plastika naizmjence svakih 15 dana),samo vijesti,"miješani, bio, plastika, papir, glomazni (dan u mjesecu po kotaru)","ne (stalna pravila, sadržaj iz 2025.)",visok,istraženo,pokvareno kodiranje znakova; treba ručna obrada ili zatražiti podatke od Čistoće (0800 0021)
Rijeka,Primorsko-goranska,107964,KD Čistoća d.o.o.,https://cistocarijeka.hr,"Rijeka, Bakar, Kastav, Kraljevica, Kostrena, Viškovo, Čavle, Jelenje, Klana",https://cistocarijeka.hr/zbrinjavanje-otpada/prikupljanje-otpada-od-vrata-do-vrata/grad-rijeka/,"pdf-tekst, vrsta otpada u boji polja (pola godine po datoteci)",26 ruta u Rijeci + popisi adresa po ruti; centar na zajedničkim kontejnerima,datumi bojom,nisu označeni (odvoz i na blagdane),"miješani, plastika/metal, papir",da (2 polugodišta),srednji,istraženo,WP REST za stranice
Osijek,Osječko-baranjska,96313,Unikom d.o.o.,https://unikom.hr,"Osijek, Bilje, Bizovac, Petrijevci, Čepin, Antunovac, Ernestinovo, Vladislavci, Vuka",https://unikom.hr/raspored-odvoza,"API (JSON, javni)",naselje + ulica + kućni broj + tip objekta,izričiti datumi (mjesec po upitu),samo vijesti (1.1. i 25.12. na subotu),"komunalni, bio, papir, plastika, metal, staklo",da,srednji,istraženo,
Zadar,Zadarska,70779,Čistoća d.o.o. Zadar,https://www.cistoca-zadar.hr,"Zadar + 18 općina (Nin, Posedarje, Novigrad, Sukošan, Vrsi, Poličnik, Ražanac, Starigrad, Privlaka, Galovac, Škabrnja, Preko, Jasenice, Zemunik Donji, Kukljica, Pašman, Sv. Filip i Jakov, Kali)",https://www.cistoca-zadar.hr (widget 'Kalendar odvoza otpada'),pretraga po adresi (HTML endpoint),naselje + ulica + kućni broj,popis datuma s oznakama vrsta,"označeni, ali odvoz se ne pomiče","MKO, BIO, REC, PAP, PL, GKO",da (živi podaci),nizak (parsiranje) / srednji (popis ulica),istraženo,autocomplete.php (max 15) + calendar.php (3 mjeseca po zahtjevu)
Velika Gorica,Zagrebačka,61075,VG Čistoća d.o.o.,https://www.vgcistoca.hr,"Velika Gorica, Orle, Kravarsko, Pokupsko",https://www.vgcistoca.hr/usluge/raspored-odvoza-za-2026-godinu/,pdf-tekst (pravila); općine: kalendar u boji,grad po tipu zgrade; 18 zona po naseljima,pravila (svaki ponedjeljak; 2. i 4. utorak u mjesecu),"odvoz i na blagdane osim 1.1., Uskrsnog ponedjeljka i Božića (subota)","miješani, bio, papir, plastika, staklo (zgrade)",da,srednji,gotovo (izvori/velika_gorica_vg_cistoca.py),URL PDF-a se mijenja sa svakom izmjenom
Pula,Istarska,52220,Pula Herculanea d.o.o.,https://www.herculanea.hr,"Pula, Ližnjan, Marčana, Barban, Svetvinčenat, Fažana",https://www.herculanea.hr/hr/usluge/cistoca/kalendar-odvoza/,pretraga po adresi (HTML + JSON autocomplete),kućni broj (raspored zapravo po mjesnom odboru),"pravila + datumi, samo tekući i sljedeći mjesec",nisu označeni,"miješani, plastika i metal, papir, bio (dio MO)",da (pomični prozor 2 mjeseca),srednji,istraženo,centar na zajedničkim spremnicima
Slavonski Brod,Brodsko-posavska,49891,Komunalac d.o.o. Slavonski Brod,https://www.komunalac-sb.hr,Slavonski Brod,https://www.komunalac-sb.hr/raspored/komunalni,JSON s pravilima (komsb.silicabit.com/json/ulice.json),465 ulica (dijelom po kućnim brojevima),pravila (dan u tjednu; n-ti dan u mjesecu),vijesti (1.1. na subotu),"miješani, bio, korisni (papir+plastika), zeleni",da (stalna pravila),nizak,gotovo (izvori/slavonski_brod_komunalac.py),
Karlovac,Karlovačka,49377,Čistoća d.o.o. Karlovac,https://cistocaka.hr,"Karlovac, Draganić",https://cistocaka.hr/raspored-odvoza-u-primjeni-od-svibnja/,pdf-tekst (tablica datuma),38 zona (12 gradskih četvrti + 26 MO) s ulicama,izričiti datumi,pomaknuti datumi crvenom bojom,"miješani, plastika, papir, bio",da,nizak (Draganić: slike),gotovo (izvori/karlovac_cistoca.py),
Varaždin,Varaždinska,43782,Čistoća d.o.o. Varaždin,https://www.cistoca-vz.hr,Varaždin + 11 općina,https://moja.cistoca-vz.hr/Public/PublicSchedule,API (ASP.NET JSON),naselje → ulica → kućni broj → zona i skupina,izričiti datumi za cijelu godinu,nisu označeni,"miješani, bio, papir, plastika, staklo, metal, pelene",da,nizak,istraženo,
Šibenik,Šibensko-kninska,42599,Zeleni grad Šibenik d.o.o.,https://zeleni-grad.hr,"Šibenik, Bilice",https://zeleni-grad.hr/za-korisnike/,html-tablica (pravila),662 ulice u 33 naselja; reciklabilno po 49 naselja,pravila (dani u tjednu; reciklabilno N-ti dan u mjesecu),nema,"miješani, plastika, papir (mjesečno), glomazni na zahtjev","ne (stalna pravila, stranica iz 01/2024)",nizak,gotovo (izvori/sibenik_zeleni_grad.py),podaci možda zastarjeli
Dubrovnik,Dubrovačko-neretvanska,41562,Čistoća d.o.o. Dubrovnik,https://cistocadubrovnik.hr,"Dubrovnik, Dubrovačko primorje, Konavle, Župa dubrovačka",https://cistocadubrovnik.hr/usluge/odvojeno-prikupljanje-i-zbrinjavanje-otpada/,pdf-sken,~132 retka naselje + ulica,pravila (u sezoni / izvan sezone),samo vijesti,"miješani (većinom zajednička mjesta), reciklabilno u javnim spremnicima, glomazni",da (+ izmjena od 1.8.2026.),visok (srednji ako ručno),istraženo,treba OCR ili ručni prijepis
Sisak,Sisačko-moslavačka,40121,Gospodarenje otpadom Sisak d.o.o.,https://gos.hr,"Sisak, Martinska Ves, Lekenik, Sunja",https://gos.hr/raspored-sakupljanja-otpada-2026/,"pdf-tekst, vrsta otpada kao sličica kante",10 zona s popisima ulica i naselja,izričiti datumi,pomaknuti datumi crveno (pravilo tjednog pomaka),"miješani, bio, plastika/staklo/metal, papir","da (1.12.2025.; Zona 8 v2 10.8.2026., Zona 5 14.9.2026.)",nizak,gotovo (izvori/sisak_gos.py),
Kaštela,Splitsko-dalmatinska,37794,Zeleno i modro d.o.o.,https://zelenoimodro.hr,Kaštela,https://zelenoimodro.hr/ (PDF-ovi 2026 u wp-content/uploads/2025/12/),"pdf-tekst, vrsta otpada u boji polja",4 područja po naseljima,popis datuma (kalendar u boji),"samo 1.1. i 25.12. označeni, bez zamjene","miješani, papir, plastika, bio (samo Radun i Rudine)",da (18.12.2025.),srednji,istraženo,boje se čitaju pdfplumberom (non_stroking_color)
Samobor,Zagrebačka,37435,Komunalac d.o.o. Samobor,https://www.komunalac-samobor.hr,Samobor,https://www.komunalac-samobor.hr/komunalac/raspored-odvoza-komunalnog-otpada-c599,html (popisi datuma) + pdf/docx,8 zona u gradu (ulice s kućnim brojevima) + ~70 naselja,"miješani pravilo po danu; bio, papir, plastika izričiti datumi",izričiti zamjenski termini,"miješani, bio, papir, plastika i metal, glomazni",da,nizak,gotovo (izvori/samobor_komunalac.py),
Bjelovar,Bjelovarsko-bilogorska,36316,Komunalac d.o.o. Bjelovar,https://komunalac-bj.hr,Bjelovar + 8 općina,https://komunalac-bj.hr/odvoz-otpada-ulice,html (Sprig) + pdf-tekst,310 ulica i naselja,"miješani dan u tjednu; papir/plastika, bio izričiti datumi",posebne obavijesti,"miješani, bio, papir, plastika, glomazni, granje",da,srednji,istraženo,
Vinkovci,Vukovarsko-srijemska,30842,Nevkoš d.o.o.,https://nevkos.hr,Vinkovci + 9 općina,https://nevkos.hr/raspored/,html popisi (grad) + pdf u boji (općine),ulice po danu; papir/plastika po 13 blokova bez popisa ulica,pravila,papir/plastika: sljedeći radni dan ili subota,"miješani, papir i plastika (grad); općine i bio, staklo",da (općine); grad bez godine,srednji,istraženo,nema karte ulica → blok za papir/plastiku
Koprivnica,Koprivničko-križevačka,28580,GKP Komunalac d.o.o. Koprivnica,https://komunalac-kc.hr,Koprivnica + 8 općina,https://komunalac-kc.hr/raspored-odvoza-komunalnog-otpada-i-odvojeno-prikupljenog-otpada/,pdf-tekst (datumi),"25 rajona, html tablica ulica → rajon",izričiti datumi,"""(zamjena za …)"" uz datum","miješani, bio, papir, plastika, glomazni",da,nizak,gotovo (izvori/koprivnica_komunalac.py),
Čakovec,Međimurska,27122,GKP Čakom d.o.o.,https://www.cakom.hr,Čakovec + 8 općina,https://www.cakom.hr/gospodarenje-otpadom/raspored-odvoza-otpada/,pdf (kalendar u boji po ruti) + WP REST ulica → ruta,naselje + ulica + vrsta spremnika → 24 rute,datumi bojom,"crvena polja, zamjenski dan obojen","miješani + reciklabilni u vrećama, bio, glomazni",da,srednji,istraženo,
Solin,Splitsko-dalmatinska,24862,Čistoća d.o.o. Split,https://www.cistoca-split.hr,vidi Split,https://www.cistoca-split.hr/informacije/raspored-odvoza-otpada-po-blokovima,html-tekst (pravila),"po naseljima (Solin, Vranjic, Sv. Kajo, Mravinci, Kučine...)",pravila,samo vijesti,miješani; reciklabilno u javnim spremnicima,ne,visok,istraženo,novo gradsko društvo KDGS moglo bi preuzeti odvoz
Zaprešić,Zagrebačka,24133,Zaprešić d.o.o.,https://komunalno.vio-zapresic.hr,"Zaprešić, Brdovec, Pušća, Dubravica, Luka, Marija Gorica, Bistra",https://komunalno.vio-zapresic.hr/raspored-odvoza-otpada-3/,"html-tablica (pravila), WP REST","ulice (skraćene) u gradu, naselja i općine izvan",pravila (dan u tjednu; 1. i 3. ponedjeljak u mjesecu),vijesti (1.1. i 25.12. na subotu),"miješani, plastika, papir","vjerojatno (stranice bez godine, 2025.)",srednji,gotovo (izvori/zapresic.py),skraćeni nazivi ulica
Đakovo,Osječko-baranjska,23577,Univerzal d.o.o.,https://univerzal-djakovo.hr,"Đakovo, Strizivojna, Satnica Đakovačka, Viškovci, Trnava, Gorjani, Levanjska Varoš",https://univerzal-djakovo.hr/sakupljanje-otpada/,pdf u boji (neki bez teksta ili oštećeni),6 zona; bio 5 skupina,datumi bojom,crvenim,"miješani, papir, plastika, bio, staklo, metal, glomazni",da,visok,istraženo,
Vukovar,Vukovarsko-srijemska,23175,Komunalac d.o.o. Vukovar,https://www.komunalac-vu.hr,Vukovar,https://www.komunalac-vu.hr/nase-usluge/poslovni-centar-za-odrzivo-gospodarenje-otpadom/raspored-odvoza-otpada-za-2026-godinu/,html-tablica,"5 zona, 13 skupina ulica",komunalni dan u tjednu; ostalo izričiti datumi,nisu označeni,"komunalni, glomazni, papir, plastika i metal, bio, staklo",da,nizak,gotovo (izvori/vukovar_komunalac.py),neuredno formatirani datumi
Požega,Požeško-slavonska,22294,Komunalac Požega d.o.o.,https://www.komunalac-pozega.hr,"Požega, Kutjevo, Pleternica, Brestovac, Čaglin, Jakšić, Kaptol, Velika",https://komunalac-pozega.com.hr/,pretraga (HTML kalendar),1082 lokacije,izričiti datumi od danas do kraja godine,ugrađeni u datume,"miješani, bio, glomazni, papir+plastika, staklo",da (pomični prozor),srednji,istraženo,
Kutina,Sisačko-moslavačka,19601,Eko Moslavina d.o.o.,https://eko-moslavina.hr,"Kutina, Velika Ludina",https://eko-moslavina.hr/raspored,pdf-tekst,5 skupina po danu u tjednu (naselja i ulice),miješani+bio tjedno; papir i plastika izričiti datumi,"Božić, Nova godina, Praznik rada na subotu","miješani, bio, papir, plastika",da,nizak,gotovo (izvori/kutina_eko_moslavina.py),
Virovitica,Virovitičko-podravska,19302,Flora VTC d.o.o.,https://flora-vtc.hr,"Virovitica, Suhopolje, Lukač, Gradina, Špišić Bukovica (+ Pitomača)",https://flora-vtc.hr/djelatnost/zbrinjavanje-komunalnog-otpada/,pdf-tekst (dani) + slike (kalendari),ulice/naselja po danu u tjednu,"miješani tjedno; bio, papir, plastika po tjednima",u legendi kalendara,"miješani, bio, papir, plastika",djelomično (kolovoz 2026 – veljača 2027),srednji,istraženo,kalendari kao slike
Sveta Nedelja,Zagrebačka,18221,Mull-Trans d.o.o.,https://mull-trans.hr,"Sveta Nedelja i oko 50 općina (Jastrebarsko, Pisarovina, Klinča Sela, Stupnik, Rugvica, Oroslavje...)",https://mull-trans.hr/<općina>/ (PDF raspored-za-2026),pdf-tekst + kalendar u boji,ulice po danu u tjednu,miješani tjedno; papir i plastika jedan tjedan u mjesecu,strelice u kalendaru (grafika),"miješani, papir, plastika, staklo, bio, glomazni",da,visok (ručni unos 1-2 h po općini),istraženo,gradska kopija novija od Mull-Transove
Dugo Selo,Zagrebačka,17676,Dugoselski komunalni i poduzetnički centar d.o.o.,https://dkpc.hr,Dugo Selo,https://dkpc.hr/djelatnosti/komunalni-otpad/,pdf (kalendar u boji za cijeli grad) + html tablica ulica,2 relacije × pon-pet; bio sjever/jug,datumi bojom; miješani svaki drugi tjedan,1.1. i 25.12. na subotu,"miješani, papir, plastika, bio",da,srednji,istraženo,
Poreč,Istarska,16607,Usluga Poreč d.o.o.,https://www.usluga.hr,Poreč + općine,https://www.usluga.hr/djelatnosti/cistoca/odvoz,pdf-tekst,naselja/ulice po danu u tjednu,izričiti datumi,nepoznato,"miješani, papir, plastika",da,srednji (preuzimanje se prekida),istraženo,preuzimanje PDF-a prekinuto iz ovog okruženja
Makarska,Splitsko-dalmatinska,13301,Makarski komunalac d.o.o.,https://www.makarski-komunalac.hr,Makarska,https://www.makarski-komunalac.hr/info/kalendar_odvoza.html,JS datoteka s datumima + PDF,2 rajona po ulicama (57 + 50 ulica),popis datuma po vrsti,neradni dani izostavljeni,"miješani, plastika, papir, mko/papir",da (PDF cijela godina; JS do 31.10.),nizak,gotovo (izvori/makarska.py),najlakši izvor
Rovinj,Istarska,12968,Komunalni servis d.o.o. Rovinj,https://www.komunalniservis.hr,"Rovinj (i Bale, Žminj, Kanfanar?)",https://www.komunalniservis.hr/hr/usluge/cistoca/,nepoznato (Cloudflare blokira),nepoznato,sezonski planovi,nepoznato,"miješani, reciklabilni, staklo",vjerojatno,visok,istraženo,treba ručno preuzeti
Trogir,Splitsko-dalmatinska,12393,Trogir Holding d.o.o.,https://tgholding.hr,Trogir,https://tgholding.hr/gospodarenje-otpadom/,slika (PNG kalendari u boji),"3 područja (Čiovo/Žedno..., Travarica/Divulje/Plano, Drvenik Veli); kopno samo u starim objavama",popis datuma (kalendar u boji),samo 1.1.,"komunalni, plastika, papir, glomazni na zahtjev",da,srednji,istraženo,čitanje boja iz slike ili ručni unos
Krapina,Krapinsko-zagorska,11530,Krakom d.o.o.,https://krakom.hr,"Krapina, Đurmanec, Radoboj, Petrovsko, Jesenje",https://krakom.hr/raspored-odvoza/,pdf (tjedni redovi u boji),popisi ulica/naselja po danu u tjednu,tjedan u boji + dan u tjednu kućanstva,"pravilo: pon/uto → prethodna subota, sri-pet → sljedeća subota","zelena, žuta, plava kanta; bio utorkom",da,srednji-visok,istraženo,
Mull-Trans / Eko-Flor (44 JLS),više županija,138753,Mull-Trans d.o.o. i Eko-Flor Plus d.o.o.,https://mull-trans.hr,"Bedenica, Jakovlje, Klinča Sela, Krašić, Rugvica, Stupnik, Žumberak, Jastrebarsko, Pisarovina, Donja Stubica, Pregrada, Gornja Stubica, Stubičke Toplice, Sveti Križ Začretje, Oroslavje, Krapinske Toplice, Mihovljan, Veliko Trgovišće, Bosiljevo, Breznica, Čađavica, Mikleuš, Sopje, Voćin, Nova Bukovica, Donji Andrijevci, Garčin, Gundinci, Oprisavci, Velika Kopanica, Vrpolje, Stankovci, Drenje, Koška, Magadenovac, Podravska Moslavina, Punitovci, Viljevo, Lovas, Nijemci, Tovarnik, Štefanje, Sveta Nedelja, Sveti Juraj na Bregu",https://mull-trans.hr/<općina>/ (gumb Kalendar odvoza; popis stranica: /wp-json/wp/v2/pages),"pdf u boji (tekstni sloj): Eko-Flor predložak za 40 JLS, Mull-Trans Word za Svetu Nedelju i Jastrebarsko","općina ili 2–5 terena po danu u tjednu; popis naselja po terenu samo za Rugvicu, Stupnik, Pisarovinu, Tovarnik i Svetu Nedelju","popis datuma (boja polja), papir i plastika jednom mjesečno",ugrađeno: blagdan sivo + strelica na zamjenski dan; izvanredne promjene u objavama,"miješani, papir, plastika, ponegdje staklo, glomazni, mobilno reciklažno dvorište",da (43 od 44; Štefanje samo 2025.),srednji,istraženo,"eko-flor.hr više nema stranica općina; Mikleuš, Donji Andrijevci i Stankovci u evidenciji imaju drugog davatelja, ali Mull-Trans za njih objavljuje 2026."
Sinj,Splitsko-dalmatinska,42581,Čistoća Cetinske krajine d.o.o.,https://www.cistoca-ck.hr,"Sinj, Trilj, Dicmo, Hrvace, Otok",https://www.cistoca-ck.hr/raspored-sakupljanja-komunalnog-otpada/komunalni-otpad/,"pdf (tekst), stranica po JLS",skupine ulica/naselja (Sinj 11),popis datuma (12 godišnje),nema (datumi izravno),samo papir i plastika (miješani nije objavljen),da (samo reciklabilni),nizak,istraženo,Trilj: izmjena iz svibnja 2026.
Prelog,Međimurska,38981,GKP Pre-Kom d.o.o.,https://www.pre-kom.hr,"Prelog, Belica, Dekanovec, Domašinec, Donja Dubrava, Donji Kraljevec, Donji Vidovec, Goričan, Kotoriba, Podturen, Pribislavec, Sveta Marija, Jalžabet, Martijanec",https://www.pre-kom.hr/grad-prelog.html (i op-ina-*.html),slika (JPG kalendar s obrubima u boji) + pravila u HTML-u,općina ili skupine ulica/naselja,"pravila (svaki 2. ponedjeljak, 3. utorak u mjesecu) + datumi na slici","ugrađeno u sliku (crveni datumi, pomaknuti obrubi)","miješani, bio, reciklabilni zajedno, glomazni na najavu",da,srednji (pravila + ručna provjera blagdana),istraženo,
Ivanec,Varaždinska,32562,Ivkom d.d.,https://ivkom.hr,"Ivanec, Lepoglava, Bednja, Donja Voća, Klenovnik, Maruševec",https://ivkom.hr/raspored-odvoza-otpada,pdf (tablica: vrsta × mjesec),područja s popisom naselja/ulica,popis datuma,"* = prvi radni dan poslije, ** = radni dan prije","miješani, plastika i papir, staklo/metal/tekstil, bio (travanj–listopad petkom)",da,srednji,istraženo,
Križevci,Koprivničko-križevačka,29947,Komunalno poduzeće Križevci d.o.o.,https://komunalno.hr,"Križevci, Gornja Rijeka, Kalnik, Sveti Ivan Žabno, Sveti Petar Orehovec",https://komunalno.hr/wp-content/uploads/2026/01/Kalendar-2026.pdf,"pdf (knjižica, 17 tablica područja)",ulice (grad) i skupine naselja,popis datuma po mjesecu i vrsti,pomaknuti datumi crvenim slovima,"miješani, reciklabilni, papir, staklo, bio (grad), glomazni",da,srednji,istraženo,
Vrbovec,Zagrebačka,30398,Komunalac Vrbovec d.o.o.,https://www.komunalac-vrbovec.hr,"Vrbovec, Brckovljani, Dubrava, Farkaševac, Gradec, Preseka, Rakovec",https://www.komunalac-vrbovec.hr/komunalni-otpad/raspored-odvoza-komunalnog-otpada-kroz-tjedan/,pdf (tekst + ikone kanti) po relaciji (15 relacija),relacija = popis naselja/ulica,"popis datuma, ikona = vrsta",crveni datumi; pravilo: sljedeći radni dan ili prema obavijesti,"miješani, papir i plastika",da,nizak-srednji,istraženo,
Oriovac i okolica,Brodsko-posavska,28400,Jakob Becker d.o.o.,https://new.jakob-becker.hr,"Bebrina, Brodski Stupnik, Bukovlje, Gornja Vrba, Klakar, Oriovac, Podcrkavlje, Sibinj, Sikirevci, Slavonski Šamac","stranica po općini (npr. /bebrina/, /sibinj/)",slika (snimka Excela),općina ili 2 skupine naselja,"datumi (Bebrina, Podcrkavlje) ili pravila (ostali)",nije objavljeno,"miješani, plastika i papir, staklo 3× godišnje","djelomično (Bukovlje samo 2025., Brodski Stupnik nema)","srednji (ručni unos, malo podataka)",istraženo,
Opatija,Primorsko-goranska,26207,Komunalac d.o.o. Jurdani,https://www.komunalac-opatija.hr,"Opatija, Lovran, Matulji, Mošćenička Draga",https://www.komunalac-opatija.hr/komunalni-otpad/,"pdf u boji (boja = područje, debeli obrub = reciklabilni)","5 područja po gradu (kvartovi, ulice)",popis datuma (boja polja); reciklabilni neparnim/parnim tjednima,crveno polje + strelica na zamjenski dan,"miješani, bio, reciklabilni, staklo (Lovran, M. Draga)",da,srednji,istraženo,
Nova Gradiška,Brodsko-posavska,26013,Odlagalište d.o.o.,https://odlagaliste.hr,"Nova Gradiška, Cernik, Dragalić, Gornji Bogićevci, Rešetari, Stara Gradiška, Staro Petrovo Selo",https://odlagaliste.hr/raspored-odvoza-otpada/,pdf (pravila) iz 2022.,"ulice (grad), naselja (sela)","pravila (dan u tjednu, n-ti dan u mjesecu)",samo u objavama,"miješani, papir, plastika",ne (pravila iz 2022.),nizak,istraženo,provjeriti vrijede li pravila iz 2022.
Beli Manastir,Osječko-baranjska,26010,Baranjska čistoća d.o.o.,https://baranjskacistoca.hr,"Beli Manastir, Čeminac, Darda, Draž, Jagodnjak, Kneževi Vinogradi, Petlovac, Popovac",https://baranjskacistoca.hr/redovni-odvoz/,xlsx (i slika),općina ili skupina općina,popis datuma,nema (1.1. je redovan dan),"miješani, papir, plastika, staklo, metal, bio (Beli Manastir, Darda)",da,nizak,istraženo,
Županja,Vukovarsko-srijemska,25144,Čistoća Županja d.o.o.,https://cistoca-zu.hr,"Županja, Babina Greda, Bošnjaci, Cerna, Gradište, Štitar, Vrbanja",https://cistoca-zu.hr/raspored-odvoza/,pdf u boji (CMYK) + popis ulica po danu,"ulice po danu u tjednu (Županja), selo jedan dan",miješani tjedno; obojeni tjedni = papir/plastika na dan miješanog,napomena na kalendaru + objave,"miješani, papir, plastika, bio, glomazni",da,srednji,istraženo,
Ivanić-Grad,Zagrebačka,24603,Ivakop d.o.o.,https://www.ivakop.hr,"Ivanić-Grad, Kloštar Ivanić, Križ",https://www.ivakop.hr/raspored-odvoza-otpada/,JSON u stranici (window.IVAKOP_KALENDAR) + pdf bez teksta,5 zona (dan u tjednu) s popisom naselja i poligonima,popis datuma,"u podacima, s napomenom","miješani, plastika, papir",da (JSON trenutno samo listopad–prosinac),nizak,istraženo,JSON preuzimati redovito
Omiš,Splitsko-dalmatinska,22973,Peovica d.o.o.,https://peovica.hr,"Omiš, Dugi Rat, Šestanovac, Zadvarje",https://peovica.hr/wp-content/uploads/2026/02/2026-Raspored-prikupljanja-otpada-0701.xlsx,xlsx u boji (16 listova),16 skupina naselja; centar Omiša i Dugi Rat na polupodzemnim spremnicima,popis datuma (boja ćelije),samo u objavama,"miješani, papir, ambalaža",da,nizak-srednji,istraženo,
