zupanija,jls,tip,davatelj,izvor_godina,stanovnika,kucanstava,davatelj_oib,izvor,promjena_2026
Zagrebačka,Dugo Selo,grad,Dugoselski komunalni i poduzetnički centar d.o.o.,2024,17676,5654,11993410316,IRDJU 2024 (obrazac dostavljen),
Zagrebačka,Ivanić-Grad,grad,Ivakop d.o.o.,2024,12982,4563,34845090946,IRDJU 2024 (obrazac dostavljen),
Zagrebačka,Jastrebarsko,grad,EKO - FLOR PLUS D.O.O.,2024,14562,4766,50730247993,IRDJU 2024 (obrazac dostavljen),cjenik (Evidencija 5.10.2026): MULL-TRANS d.o.o.
Zagrebačka,Samobor,grad,Komunalac d.o.o. (Samobor),2024,37435,12652,17055681355,IRDJU 2024 (obrazac dostavljen),
Zagrebačka,Sveta Nedelja,grad,MULL-TRANS d.o.o.,2024,18221,5784,81751042446,IRDJU 2024 (obrazac dostavljen),
Zagrebačka,Sveti Ivan Zelina,grad,ZELINSKE KOMUNALIJE D.O.O.,2024,14602,4677,55460105464,IRDJU 2024 (obrazac dostavljen),
Zagrebačka,Velika Gorica,grad,VG Čistoća d.o.o.,2024,61075,20799,23915011506,IRDJU 2024 (obrazac dostavljen),
Zagrebačka,Vrbovec,grad,Komunalac Vrbovec d.o.o.,2024,12981,4105,01537106865,IRDJU 2024 (obrazac dostavljen),
Zagrebačka,Zaprešić,grad,ZAPREŠIĆ d.o.o. za obavljanje komunalnih djelatnosti,2024,24133,8682,96412232479,IRDJU 2024 (obrazac dostavljen),
Zagrebačka,Bedenica,općina,EKO - FLOR PLUS D.O.O.,2024,1266,363,50730247993,IRDJU 2024 (obrazac dostavljen),
Zagrebačka,Bistra,općina,ZAPREŠIĆ d.o.o. za obavljanje komunalnih djelatnosti,2024,6444,1972,96412232479,IRDJU 2024 (obrazac dostavljen),
Zagrebačka,Brckovljani,općina,Komunalac Vrbovec d.o.o.,2024,5876,1823,01537106865,IRDJU 2024 (obrazac dostavljen),
Zagrebačka,Brdovec,općina,ZAPREŠIĆ d.o.o. za obavljanje komunalnih djelatnosti,2024,10737,3403,96412232479,IRDJU 2024 (obrazac dostavljen),
Zagrebačka,Dubrava,općina,EKO - FLOR PLUS D.O.O.,2024,4520,1312,50730247993,IRDJU 2024 (obrazac dostavljen),
Zagrebačka,Dubrava,općina,Komunalac Vrbovec d.o.o.,2024,4520,1312,01537106865,IRDJU 2024 (obrazac dostavljen),
Zagrebačka,Dubravica,općina,ZAPREŠIĆ d.o.o. za obavljanje komunalnih djelatnosti,2024,1192,405,96412232479,IRDJU 2024 (obrazac dostavljen),
Zagrebačka,Farkaševac,općina,EKO - FLOR PLUS D.O.O.,2024,1562,469,50730247993,IRDJU 2024 (obrazac dostavljen),cjenik (Evidencija 5.10.2026): KOMUNALAC VRBOVEC d.o.o.
Zagrebačka,Gradec,općina,Komunalac Vrbovec d.o.o.,2024,3189,1033,01537106865,IRDJU 2024 (obrazac dostavljen),
Zagrebačka,Jakovlje,općina,EKO - FLOR PLUS D.O.O.,2024,3797,1191,50730247993,IRDJU 2024 (obrazac dostavljen),
Zagrebačka,Klinča Sela,općina,EKO - FLOR PLUS D.O.O.,2024,5044,1523,50730247993,IRDJU 2024 (obrazac dostavljen),
Zagrebačka,Kloštar Ivanić,općina,Ivakop d.o.o.,2024,5523,1831,34845090946,IRDJU 2024 (obrazac dostavljen),
Zagrebačka,Krašić,općina,EKO - FLOR PLUS D.O.O.,2024,2250,750,50730247993,IRDJU 2024 (obrazac dostavljen),
Zagrebačka,Kravarsko,općina,VG Čistoća d.o.o.,2024,1824,641,23915011506,IRDJU 2024 (obrazac dostavljen),
Zagrebačka,Križ,općina,Ivakop d.o.o.,2024,6098,2187,34845090946,IRDJU 2024 (obrazac dostavljen),
Zagrebačka,Luka,općina,ZAPREŠIĆ d.o.o. za obavljanje komunalnih djelatnosti,2024,1265,392,96412232479,IRDJU 2024 (obrazac dostavljen),
Zagrebačka,Marija Gorica,općina,ZAPREŠIĆ d.o.o. za obavljanje komunalnih djelatnosti,2024,2094,702,96412232479,IRDJU 2024 (obrazac dostavljen),
Zagrebačka,Orle,općina,VG Čistoća d.o.o.,2024,1765,591,23915011506,IRDJU 2024 (obrazac dostavljen),
Zagrebačka,Pisarovina,općina,EKO - FLOR PLUS D.O.O.,2024,3484,1136,50730247993,IRDJU 2024 (obrazac dostavljen),"cjenik (Evidencija 5.10.2026): MULL-TRANS d.o.o. || odluka o dodjeli (Evidencija 5.10.2026): Mull-trans d.o.o. (OIB 81751042466, na snazi od 1.2.2026.)"
Zagrebačka,Pokupsko,općina,VG Čistoća d.o.o.,2024,1926,691,23915011506,IRDJU 2024 (obrazac dostavljen),
Zagrebačka,Preseka,općina,Komunalac Vrbovec d.o.o.,2024,1129,333,01537106865,IRDJU 2024 (obrazac dostavljen),
Zagrebačka,Pušća,općina,ZAPREŠIĆ d.o.o. za obavljanje komunalnih djelatnosti,2024,2564,797,96412232479,IRDJU 2024 (obrazac dostavljen),
Zagrebačka,Rakovec,općina,EKO - FLOR PLUS D.O.O.,2024,1141,347,50730247993,IRDJU 2024 (obrazac dostavljen),
Zagrebačka,Rakovec,općina,Komunalac Vrbovec d.o.o.,2024,1141,347,01537106865,IRDJU 2024 (obrazac dostavljen),
Zagrebačka,Rugvica,općina,EKO - FLOR PLUS D.O.O.,2024,7133,2171,50730247993,IRDJU 2024 (obrazac dostavljen),
Zagrebačka,Stupnik,općina,EKO - FLOR PLUS D.O.O.,2024,3886,1148,50730247993,IRDJU 2024 (obrazac dostavljen),
Zagrebačka,Žumberak,općina,EKO - FLOR PLUS D.O.O.,2024,609,288,50730247993,IRDJU 2024 (obrazac dostavljen),
Krapinsko-zagorska,Donja Stubica,grad,EKO - FLOR PLUS D.O.O.,2024,5326,1604,50730247993,IRDJU 2024 (obrazac dostavljen),
Krapinsko-zagorska,Klanjec,grad,Zelenjak d.o.o.,2024,2548,883,83090331136,IRDJU 2024 (obrazac dostavljen),
Krapinsko-zagorska,Krapina,grad,"KRAKOM, društvo s ograničenom odgovornošću za obavljanje komunalnih usluga",2024,11530,3700,18804286885,IRDJU 2024 (obrazac dostavljen),
Krapinsko-zagorska,Oroslavje,grad,EKO - FLOR PLUS D.O.O.,2024,5834,2023,50730247993,IRDJU 2024 (obrazac dostavljen),cjenik (Evidencija 5.10.2026): MULL-TRANS d.o.o.
Krapinsko-zagorska,Pregrada,grad,EKO - FLOR PLUS D.O.O.,2024,5927,1887,50730247993,IRDJU 2024 (obrazac dostavljen),
Krapinsko-zagorska,Zabok,grad,KOMUNALNO-ZABOK D.O.O.,2024,8656,2827,31174430130,IRDJU 2024 (obrazac dostavljen),
Krapinsko-zagorska,Zlatar,grad,KOMUNALAC KONJŠČINA d.o.o.,2024,5574,1821,04274608715,IRDJU 2024 (obrazac dostavljen),
Krapinsko-zagorska,Bedekovčina,općina,KOMUNALNO-ZABOK D.O.O.,2024,7340,2211,31174430130,IRDJU 2024 (obrazac dostavljen),
Krapinsko-zagorska,Budinščina,općina,KOMUNALAC KONJŠČINA d.o.o.,2024,2182,687,04274608715,IRDJU 2024 (obrazac dostavljen),
Krapinsko-zagorska,Desinić,općina,Zelenjak d.o.o.,2024,2530,778,83090331136,IRDJU 2024 (obrazac dostavljen),
Krapinsko-zagorska,Đurmanec,općina,"KRAKOM, društvo s ograničenom odgovornošću za obavljanje komunalnih usluga",2024,3781,1112,18804286885,IRDJU 2024 (obrazac dostavljen),
Krapinsko-zagorska,Gornja Stubica,općina,EKO - FLOR PLUS D.O.O.,2024,4622,1434,50730247993,IRDJU 2024 (obrazac dostavljen),
Krapinsko-zagorska,Hrašćina,općina,KOMUNALAC KONJŠČINA d.o.o.,2024,1388,442,04274608715,IRDJU 2024 (obrazac dostavljen),
Krapinsko-zagorska,Hum na Sutli,općina,HUMKOM d.o.o.,2024,4592,1533,21695347230,IRDJU 2024 (obrazac dostavljen),
Krapinsko-zagorska,Jesenje,općina,"KRAKOM, društvo s ograničenom odgovornošću za obavljanje komunalnih usluga",2024,1371,431,18804286885,IRDJU 2024 (obrazac dostavljen),
Krapinsko-zagorska,Konjščina,općina,KOMUNALAC KONJŠČINA d.o.o.,2024,3308,1115,04274608715,IRDJU 2024 (obrazac dostavljen),
Krapinsko-zagorska,Kraljevec na Sutli,općina,Zelenjak d.o.o.,2024,1591,523,83090331136,IRDJU 2024 (obrazac dostavljen),
Krapinsko-zagorska,Krapinske Toplice,općina,EKO - FLOR PLUS D.O.O.,2024,4827,1691,50730247993,IRDJU 2024 (obrazac dostavljen),"cjenik (Evidencija 5.10.2026): MULL-TRANS d.o.o. || odluka o dodjeli (Evidencija 5.10.2026): Mull-trans d.o.o. (OIB 81751042446, na snazi od 31.10.2025.)"
Krapinsko-zagorska,Kumrovec,općina,Zelenjak d.o.o.,2024,1412,523,83090331136,IRDJU 2024 (obrazac dostavljen),
Krapinsko-zagorska,Lobor,općina,KOMUNALAC KONJŠČINA d.o.o.,2024,2703,783,04274608715,IRDJU 2024 (obrazac dostavljen),
Krapinsko-zagorska,Mače,općina,KOMUNALAC KONJŠČINA d.o.o.,2024,2258,737,04274608715,IRDJU 2024 (obrazac dostavljen),
Krapinsko-zagorska,Marija Bistrica,općina,Lijepa Bistrica d.o.o.,2024,5553,1756,82413603496,IRDJU 2024 (obrazac dostavljen),
Krapinsko-zagorska,Mihovljan,općina,EKO - FLOR PLUS D.O.O.,2024,1677,530,50730247993,IRDJU 2024 (obrazac dostavljen),cjenik (Evidencija 5.10.2026): MULL-TRANS d.o.o.
Krapinsko-zagorska,Novi Golubovec,općina,KOMUNALAC KONJŠČINA d.o.o.,2024,824,271,04274608715,IRDJU 2024 (obrazac dostavljen),
Krapinsko-zagorska,Petrovsko,općina,"KRAKOM, društvo s ograničenom odgovornošću za obavljanje komunalnih usluga",2024,2270,668,18804286885,IRDJU 2024 (obrazac dostavljen),
Krapinsko-zagorska,Radoboj,općina,"KRAKOM, društvo s ograničenom odgovornošću za obavljanje komunalnih usluga",2024,2981,888,18804286885,IRDJU 2024 (obrazac dostavljen),
Krapinsko-zagorska,Stubičke Toplice,općina,EKO - FLOR PLUS D.O.O.,2024,2740,1017,50730247993,IRDJU 2024 (obrazac dostavljen),
Krapinsko-zagorska,Sveti Križ Začretje,općina,EKO - FLOR PLUS D.O.O.,2024,5659,1740,50730247993,IRDJU 2024 (obrazac dostavljen),
Krapinsko-zagorska,Tuhelj,općina,Zelenjak d.o.o.,2024,2043,647,83090331136,IRDJU 2024 (obrazac dostavljen),
Krapinsko-zagorska,Veliko Trgovišće,općina,EKO - FLOR PLUS D.O.O.,2024,4448,1371,50730247993,IRDJU 2024 (obrazac dostavljen),cjenik (Evidencija 5.10.2026): MULL-TRANS d.o.o.
Krapinsko-zagorska,Zagorska Sela,općina,Zelenjak d.o.o.,2024,899,322,83090331136,IRDJU 2024 (obrazac dostavljen),
Krapinsko-zagorska,Zlatar Bistrica,općina,KOMUNALAC KONJŠČINA d.o.o.,2024,2308,793,04274608715,IRDJU 2024 (obrazac dostavljen),
Sisačko-moslavačka,Glina,grad,KOMUNALAC GLINA d.o.o. za komunalne djelatnosti,2024,7116,2743,89700668436,IRDJU 2024 (obrazac dostavljen),
Sisačko-moslavačka,Hrvatska Kostajnica,grad,"Ekos Hrvatska Kostajnica d.o.o., za komunalne usluge",2024,1879,801,43667810039,IRDJU 2024 (obrazac dostavljen),
Sisačko-moslavačka,Kutina,grad,Eko Moslavina d.o.o. za komunalno gospodarstvo,2024,19601,7164,94887300369,IRDJU 2024 (obrazac dostavljen),
Sisačko-moslavačka,Novska,grad,Novokom d.o.o. (Novska),2024,11137,3935,29659371749,IRDJU 2024 (obrazac dostavljen),
Sisačko-moslavačka,Petrinja,grad,Komunalac Petrinja d.o.o.,2024,19950,7446,53696178845,IRDJU 2024 (obrazac dostavljen),
Sisačko-moslavačka,Popovača,grad,KOMUNALNI SERVISI POPOVAČA D.O.O.,2024,10255,3576,70710430454,IRDJU 2024 (obrazac dostavljen),
Sisačko-moslavačka,Sisak,grad,GOSPODARENJE OTPADOM SISAK d.o.o.,2024,40121,15995,25388753075,IRDJU 2024 (obrazac dostavljen),
Sisačko-moslavačka,Donji Kukuruzari,općina,Komunalac Petrinja d.o.o.,2024,1080,435,53696178845,IRDJU 2024 (obrazac dostavljen),
Sisačko-moslavačka,Dvor,općina,DVORKOM D.O.O.,2024,2996,1367,39548678448,IRDJU 2024 (obrazac dostavljen),
Sisačko-moslavačka,Gvozd,općina,KOMUNALNO TOPUSKO D.O.O.,2024,2047,956,47945293196,IRDJU 2024 (obrazac dostavljen),
Sisačko-moslavačka,Hrvatska Dubica,općina,KOMUNALAC d.o.o. (Hrvatska Dubica),2024,1462,609,88124811471,IRDJU 2024 (obrazac dostavljen),
Sisačko-moslavačka,Jasenovac,općina,Komunalni servisi Jasenovac d.o.o.,2024,1559,681,36102170664,IRDJU 2024 (obrazac dostavljen),
Sisačko-moslavačka,Lekenik,općina,GOSPODARENJE OTPADOM SISAK d.o.o.,2024,5343,1943,25388753075,IRDJU 2024 (obrazac dostavljen),
Sisačko-moslavačka,Lipovljani,općina,LIPKOM SERVISI d.o.o,2024,2807,983,16699656965,IRDJU 2024 (obrazac dostavljen),
Sisačko-moslavačka,Majur,općina,Komunalac Petrinja d.o.o.,2024,760,327,53696178845,IRDJU 2024 (obrazac dostavljen),
Sisačko-moslavačka,Martinska Ves,općina,GOSPODARENJE OTPADOM SISAK d.o.o.,2024,2861,1029,25388753075,IRDJU 2024 (obrazac dostavljen),
Sisačko-moslavačka,Sunja,općina,GOSPODARENJE OTPADOM SISAK d.o.o.,2024,4124,1701,25388753075,IRDJU 2024 (obrazac dostavljen),
Sisačko-moslavačka,Topusko,općina,KOMUNALNO TOPUSKO D.O.O.,2024,2222,908,47945293196,IRDJU 2024 (obrazac dostavljen),
Sisačko-moslavačka,Velika Ludina,općina,Eko Moslavina d.o.o. za komunalno gospodarstvo,2024,2283,788,94887300369,IRDJU 2024 (obrazac dostavljen),
Karlovačka,Duga Resa,grad,ČISTOĆA DUGA RESA D.O.O.,2024,10212,3706,22543506354,IRDJU 2024 (obrazac dostavljen),
Karlovačka,Karlovac,grad,Čistoća d.o.o. Karlovac,2024,49377,19385,70467048139,IRDJU 2024 (obrazac dostavljen),
Karlovačka,Ogulin,grad,Stambeno komunalno gospodarstvo d.o.o. Ogulin,2024,12246,4543,26211106548,IRDJU 2024 (obrazac dostavljen),
Karlovačka,Ozalj,grad,Azelija eko d.o.o.,2024,5837,2017,48386413757,IRDJU 2024 (obrazac dostavljen),
Karlovačka,Slunj,grad,KOMUNALNO DRUŠTVO LIPA D.O.O.,2024,4224,1816,10731123787,IRDJU 2024 (obrazac dostavljen),
Karlovačka,Barilović,općina,Srnar d.o.o.,2024,2673,918,74751310755,IRDJU 2024 (obrazac nije dostavljen; davatelj iz ROO 2024); OIB ispravljen (nije naveden -> 74751310755) prema nazivu,cjenik (Evidencija 5.10.2026): ČISTOĆA DUGA RESA d.o.o.
Karlovačka,Bosiljevo,općina,EKO - FLOR PLUS D.O.O.,2024,1040,405,50730247993,IRDJU 2024 (obrazac dostavljen),
Karlovačka,Cetingrad,općina,Vojnić komunalac d.o.o.,2024,1491,584,34803293727,IRDJU 2024 (obrazac dostavljen),
Karlovačka,Draganić,općina,EKO - FLOR PLUS D.O.O.,2024,2541,888,50730247993,IRDJU 2024 (obrazac dostavljen),
Karlovačka,Generalski Stol,općina,ČISTOĆA DUGA RESA D.O.O.,2024,2171,839,22543506354,IRDJU 2024 (obrazac dostavljen),
Karlovačka,Josipdol,općina,Komunalno Josipdol d.o.o.,2024,3419,1215,46426033985,IRDJU 2024 (obrazac dostavljen),
Karlovačka,Kamanje,općina,Azelija eko d.o.o.,2024,827,278,48386413757,IRDJU 2024 (obrazac dostavljen),
Karlovačka,Krnjak,općina,Krnjak Komunalac d.o.o. za komunelne djelatnosti,2024,1332,548,27469924706,IRDJU 2024 (obrazac dostavljen),
Karlovačka,Lasinja,općina,EKO - FLOR PLUS D.O.O.,2024,1322,524,50730247993,IRDJU 2024 (obrazac dostavljen),"cjenik (Evidencija 5.10.2026): VOJNIĆ KOMUNALAC d.o.o. || odluka o dodjeli (Evidencija 5.10.2026): Vojnić Komunalac d.o.o. (OIB 34803293727, na snazi od 20.9.2025.)"
Karlovačka,Netretić,općina,ČISTOĆA DUGA RESA D.O.O.,2024,2439,844,22543506354,IRDJU 2024 (obrazac dostavljen),
Karlovačka,Plaški,općina,Plaški KOM d.o.o.,2024,1650,702,23563353551,IRDJU 2024 (obrazac dostavljen),
Karlovačka,Rakovica,općina,Rakovica d.o.o,2024,2230,784,46676649670,IRDJU 2024 (obrazac nije dostavljen; davatelj iz ROO 2024); OIB ispravljen (nije naveden -> 46676649670) prema nazivu,
Karlovačka,Ribnik,općina,Azelija eko d.o.o.,2024,362,150,48386413757,IRDJU 2024 (obrazac dostavljen),
Karlovačka,Saborsko,općina,Sabkom d.o.o.,2024,466,222,09289617248,IRDJU 2024 (obrazac dostavljen),
Karlovačka,Tounj,općina,Vojnić komunalac d.o.o.,2024,1002,423,34803293727,IRDJU 2024 (obrazac dostavljen),
Karlovačka,Vojnić,općina,Vojnić komunalac d.o.o.,2024,3602,1358,34803293727,IRDJU 2024 (obrazac dostavljen),
Karlovačka,Žakanje,općina,Azelija eko d.o.o.,2024,1732,536,48386413757,IRDJU 2024 (obrazac dostavljen),
Varaždinska,Ivanec,grad,IVKOM d.d.,2024,12723,3914,31407797858,IRDJU 2024 (obrazac dostavljen),
Varaždinska,Lepoglava,grad,IVKOM d.d.,2024,6945,2117,31407797858,IRDJU 2024 (obrazac dostavljen),
Varaždinska,Ludbreg,grad,Lukom d.o.o. za komunalne djelatnosti,2024,8477,2838,29732862130,IRDJU 2024 (obrazac dostavljen),
Varaždinska,Novi Marof,grad,NOVOKOM društvo s ograničenom odgovornošću za komunalne djelatnosti (Novi Marof),2024,11795,3664,51899768388,IRDJU 2024 (obrazac dostavljen),
Varaždinska,Varaždin,grad,"ČISTOĆA društvo s ograničenom odgovornošću za gospodarenje otpadom, čistoću, proizvodnju i usluge (Varaždin)",2024,43782,16510,02371889218,IRDJU 2024 (obrazac dostavljen),
Varaždinska,Varaždinske Toplice,grad,"ČISTOĆA društvo s ograničenom odgovornošću za gospodarenje otpadom, čistoću, proizvodnju i usluge (Varaždin)",2024,5537,1855,02371889218,IRDJU 2024 (obrazac dostavljen),
Varaždinska,Bednja,općina,IVKOM d.d.,2024,3389,1190,31407797858,IRDJU 2024 (obrazac dostavljen),
Varaždinska,Beretinec,općina,"ČISTOĆA društvo s ograničenom odgovornošću za gospodarenje otpadom, čistoću, proizvodnju i usluge (Varaždin)",2024,2049,604,02371889218,IRDJU 2024 (obrazac dostavljen),
Varaždinska,Breznica,općina,EKO - FLOR PLUS D.O.O.,2024,1970,614,50730247993,IRDJU 2024 (obrazac dostavljen),
Varaždinska,Breznički Hum,općina,"ČISTOĆA društvo s ograničenom odgovornošću za gospodarenje otpadom, čistoću, proizvodnju i usluge (Varaždin)",2024,1132,389,02371889218,IRDJU 2024 (obrazac dostavljen),
Varaždinska,Cestica,općina,"ČISTOĆA društvo s ograničenom odgovornošću za gospodarenje otpadom, čistoću, proizvodnju i usluge (Varaždin)",2024,5425,1518,02371889218,IRDJU 2024 (obrazac dostavljen),
Varaždinska,Donja Voća,općina,IVKOM d.d.,2024,2030,658,31407797858,IRDJU 2024 (obrazac dostavljen),
Varaždinska,Gornji Kneginec,općina,"ČISTOĆA društvo s ograničenom odgovornošću za gospodarenje otpadom, čistoću, proizvodnju i usluge (Varaždin)",2024,4900,1659,02371889218,IRDJU 2024 (obrazac dostavljen),
Varaždinska,Jalžabet,općina,Gradsko komunalno poduzeće PRE-KOM društvo s ograničenom odgovornošću za obavljanje komunalnih djelatnosti,2024,3183,883,15704341739,IRDJU 2024 (obrazac dostavljen),
Varaždinska,Klenovnik,općina,IVKOM d.d.,2024,1793,556,31407797858,IRDJU 2024 (obrazac dostavljen),
Varaždinska,Ljubešćica,općina,NOVOKOM društvo s ograničenom odgovornošću za komunalne djelatnosti (Novi Marof),2024,1689,529,51899768388,IRDJU 2024 (obrazac dostavljen),
Varaždinska,Mali Bukovec,općina,Lukom d.o.o. za komunalne djelatnosti,2024,1809,556,29732862130,IRDJU 2024 (obrazac dostavljen),
Varaždinska,Martijanec,općina,Gradsko komunalno poduzeće PRE-KOM društvo s ograničenom odgovornošću za obavljanje komunalnih djelatnosti,2024,2638,831,15704341739,IRDJU 2024 (obrazac dostavljen),
Varaždinska,Maruševec,općina,IVKOM d.d.,2024,5682,1721,31407797858,IRDJU 2024 (obrazac dostavljen),
Varaždinska,Petrijanec,općina,"ČISTOĆA društvo s ograničenom odgovornošću za gospodarenje otpadom, čistoću, proizvodnju i usluge (Varaždin)",2024,4553,1190,02371889218,IRDJU 2024 (obrazac dostavljen),
Varaždinska,Sračinec,općina,"ČISTOĆA društvo s ograničenom odgovornošću za gospodarenje otpadom, čistoću, proizvodnju i usluge (Varaždin)",2024,4678,1382,02371889218,IRDJU 2024 (obrazac dostavljen),
Varaždinska,Sveti Đurđ,općina,"ČISTOĆA društvo s ograničenom odgovornošću za gospodarenje otpadom, čistoću, proizvodnju i usluge (Varaždin)",2024,3326,984,02371889218,IRDJU 2024 (obrazac dostavljen),"cjenik (Evidencija 5.10.2026): LUKOM d.o.o. || odluka o dodjeli (Evidencija 5.10.2026): Lukom d.o.o. (OIB 29732862130, na snazi od 11.2.2025.)"
Varaždinska,Sveti Ilija,općina,"ČISTOĆA društvo s ograničenom odgovornošću za gospodarenje otpadom, čistoću, proizvodnju i usluge (Varaždin)",2024,3242,971,02371889218,IRDJU 2024 (obrazac dostavljen),
Varaždinska,Trnovec Bartolovečki,općina,"ČISTOĆA društvo s ograničenom odgovornošću za gospodarenje otpadom, čistoću, proizvodnju i usluge (Varaždin)",2024,6145,1856,02371889218,IRDJU 2024 (obrazac dostavljen),
Varaždinska,Veliki Bukovec,općina,Lukom d.o.o. za komunalne djelatnosti,2024,1325,377,29732862130,IRDJU 2024 (obrazac dostavljen),
Varaždinska,Vidovec,općina,"ČISTOĆA društvo s ograničenom odgovornošću za gospodarenje otpadom, čistoću, proizvodnju i usluge (Varaždin)",2024,4915,1331,02371889218,IRDJU 2024 (obrazac dostavljen),
Varaždinska,Vinica,općina,"ČISTOĆA društvo s ograničenom odgovornošću za gospodarenje otpadom, čistoću, proizvodnju i usluge (Varaždin)",2024,3020,932,02371889218,IRDJU 2024 (obrazac dostavljen),
Varaždinska,Visoko,općina,Općina Visoko,2024,1335,391,91710475046,IRDJU 2024 (obrazac dostavljen),cjenik (Evidencija 5.10.2026): BABIĆ d.o.o.
Koprivničko-križevačka,Đurđevac,grad,Komunalne usluge Đurđevac d.o.o.,2024,7378,2543,69864803750,IRDJU 2024 (obrazac dostavljen),
Koprivničko-križevačka,Koprivnica,grad,Komunalac d.o.o. (Koprivnica),2024,28580,10404,41412434130,IRDJU 2024 (obrazac dostavljen),
Koprivničko-križevačka,Križevci,grad,Komunalno poduzeće Križevci d.o.o.,2024,18949,6272,87214344239,IRDJU 2024 (obrazac dostavljen),
Koprivničko-križevačka,Drnje,općina,Komunalac d.o.o. (Koprivnica),2024,1533,520,41412434130,IRDJU 2024 (obrazac dostavljen),
Koprivničko-križevačka,Đelekovec,općina,Komunalac d.o.o. (Koprivnica),2024,1281,480,41412434130,IRDJU 2024 (obrazac dostavljen),
Koprivničko-križevačka,Ferdinandovac,općina,DRAVA KOM d.o.o.,2024,1415,478,76436491875,IRDJU 2024 (obrazac dostavljen),
Koprivničko-križevačka,Gola,općina,DRAVA KOM d.o.o.,2024,2078,661,76436491875,IRDJU 2024 (obrazac dostavljen),
Koprivničko-križevačka,Gornja Rijeka,općina,Komunalno poduzeće Križevci d.o.o.,2024,1559,436,87214344239,IRDJU 2024 (obrazac dostavljen),
Koprivničko-križevačka,Hlebine,općina,DRAVA KOM d.o.o.,2024,1180,381,76436491875,IRDJU 2024 (obrazac dostavljen),
Koprivničko-križevačka,Kalinovac,općina,DRAVA KOM d.o.o.,2024,1297,448,76436491875,IRDJU 2024 (obrazac dostavljen),
Koprivničko-križevačka,Kalnik,općina,Komunalno poduzeće Križevci d.o.o.,2024,1154,355,87214344239,IRDJU 2024 (obrazac dostavljen),
Koprivničko-križevačka,Kloštar Podravski,općina,DRAVA KOM d.o.o.,2024,2749,924,76436491875,IRDJU 2024 (obrazac dostavljen),
Koprivničko-križevačka,Koprivnički Bregi,općina,Komunalac d.o.o. (Koprivnica),2024,1968,650,41412434130,IRDJU 2024 (obrazac dostavljen),
Koprivničko-križevačka,Koprivnički Ivanec,općina,Komunalac d.o.o. (Koprivnica),2024,1798,577,41412434130,IRDJU 2024 (obrazac dostavljen),
Koprivničko-križevačka,Legrad,općina,Komunalac d.o.o. (Koprivnica),2024,1916,757,41412434130,IRDJU 2024 (obrazac dostavljen),
Koprivničko-križevačka,Molve,općina,DRAVA KOM d.o.o.,2024,1767,563,76436491875,IRDJU 2024 (obrazac dostavljen),
Koprivničko-križevačka,Novigrad Podravski,općina,Komunalac d.o.o. (Koprivnica),2024,2300,830,41412434130,IRDJU 2024 (obrazac dostavljen),
Koprivničko-križevačka,Novo Virje,općina,DRAVA KOM d.o.o.,2024,1026,334,76436491875,IRDJU 2024 (obrazac dostavljen),
Koprivničko-križevačka,Peteranec,općina,Komunalac d.o.o. (Koprivnica),2024,2300,760,41412434130,IRDJU 2024 (obrazac dostavljen),
Koprivničko-križevačka,Podravske Sesvete,općina,DRAVA KOM d.o.o.,2024,1446,489,76436491875,IRDJU 2024 (obrazac dostavljen),
Koprivničko-križevačka,Rasinja,općina,DRAVA KOM d.o.o.,2024,2631,905,76436491875,IRDJU 2024 (obrazac dostavljen),
Koprivničko-križevačka,Sokolovac,općina,Komunalac d.o.o. (Koprivnica),2024,2789,939,41412434130,IRDJU 2024 (obrazac dostavljen),
Koprivničko-križevačka,Sveti Ivan Žabno,općina,Komunalno poduzeće Križevci d.o.o.,2024,4343,1355,87214344239,IRDJU 2024 (obrazac dostavljen),
Koprivničko-križevačka,Sveti Petar Orehovec,općina,Komunalno poduzeće Križevci d.o.o.,2024,3942,1046,87214344239,IRDJU 2024 (obrazac dostavljen),
Koprivničko-križevačka,Virje,općina,DRAVA KOM d.o.o.,2024,3842,1297,76436491875,IRDJU 2024 (obrazac dostavljen),
Bjelovarsko-bilogorska,Bjelovar,grad,Komunalac d.o.o. (Bjelovar),2024,36316,13044,27962400486,IRDJU 2024 (obrazac dostavljen),
Bjelovarsko-bilogorska,Čazma,grad,KOMUNALIJE d.o.o.,2024,6930,2501,88859295468,IRDJU 2024 (obrazac dostavljen),
Bjelovarsko-bilogorska,Daruvar,grad,Darkom d.o.o. za komunalnu djelatnost,2024,10105,4054,51300447787,IRDJU 2024 (obrazac dostavljen),
Bjelovarsko-bilogorska,Garešnica,grad,Komunalac d.o.o. (Garešnica),2024,8624,3239,27917254847,IRDJU 2024 (obrazac dostavljen),
Bjelovarsko-bilogorska,Grubišno Polje,grad,Komunalac d.o.o. Grubišno Polje,2024,5367,2142,71895953297,IRDJU 2024 (obrazac dostavljen),
Bjelovarsko-bilogorska,Berek,općina,Komunalac d.o.o. (Garešnica),2024,1106,417,27917254847,IRDJU 2024 (obrazac dostavljen),
Bjelovarsko-bilogorska,Dežanovac,općina,Darkom d.o.o. za komunalnu djelatnost,2024,1978,738,51300447787,IRDJU 2024 (obrazac dostavljen),
Bjelovarsko-bilogorska,Đulovac,općina,Darkom d.o.o. za komunalnu djelatnost,2024,2772,813,51300447787,IRDJU 2024 (obrazac dostavljen),
Bjelovarsko-bilogorska,Hercegovac,općina,Komunalac d.o.o. (Garešnica),2024,1910,696,27917254847,IRDJU 2024 (obrazac dostavljen),
Bjelovarsko-bilogorska,Ivanska,općina,Ivankom j.d.o.o.,2024,2256,825,27710685080,IRDJU 2024 (obrazac dostavljen),
Bjelovarsko-bilogorska,Kapela,općina,Komunalac d.o.o. (Bjelovar),2024,2367,858,27962400486,IRDJU 2024 (obrazac dostavljen),
Bjelovarsko-bilogorska,Končanica,općina,Darkom d.o.o. za komunalnu djelatnost,2024,1805,705,51300447787,IRDJU 2024 (obrazac dostavljen),
Bjelovarsko-bilogorska,Nova Rača,općina,Komunalac d.o.o. (Bjelovar),2024,2756,976,27962400486,IRDJU 2024 (obrazac dostavljen),
Bjelovarsko-bilogorska,Rovišće,općina,Komunalac d.o.o. (Bjelovar),2024,4144,1218,27962400486,IRDJU 2024 (obrazac dostavljen),
Bjelovarsko-bilogorska,Severin,općina,Komunalac d.o.o. (Bjelovar),2024,702,263,27962400486,IRDJU 2024 (obrazac dostavljen),
Bjelovarsko-bilogorska,Sirač,općina,Darkom d.o.o. za komunalnu djelatnost,2024,1796,740,51300447787,IRDJU 2024 (obrazac dostavljen),
Bjelovarsko-bilogorska,Šandrovac,općina,Komunalac d.o.o. (Bjelovar),2024,1411,474,27962400486,IRDJU 2024 (obrazac dostavljen),
Bjelovarsko-bilogorska,Štefanje,općina,EKO - FLOR PLUS D.O.O.,2024,1688,572,50730247993,IRDJU 2024 (obrazac dostavljen),
Bjelovarsko-bilogorska,Velika Pisanica,općina,Komunalac d.o.o. (Bjelovar),2024,1313,497,27962400486,IRDJU 2024 (obrazac dostavljen),
Bjelovarsko-bilogorska,Velika Trnovitica,općina,Komunalac d.o.o. (Garešnica),2024,1091,364,27917254847,IRDJU 2024 (obrazac dostavljen),
Bjelovarsko-bilogorska,Veliki Grđevac,općina,VELIKI GRĐEVAC D.O.O.,2024,2316,855,93736614095,IRDJU 2024 (obrazac dostavljen),
Bjelovarsko-bilogorska,Veliko Trojstvo,općina,Komunalac d.o.o. (Bjelovar),2024,2379,907,27962400486,IRDJU 2024 (obrazac dostavljen),
Bjelovarsko-bilogorska,Zrinski Topolovac,općina,Komunalac d.o.o. (Bjelovar),2024,747,218,27962400486,IRDJU 2024 (obrazac dostavljen),
Primorsko-goranska,Bakar,grad,Komunalno društvo ČISTOĆA d. o. o. za održavanje čistoće i gospodarenje otpadom (Rijeka),2024,7573,2869,06531901714,IRDJU 2024 (obrazac dostavljen),
Primorsko-goranska,Cres,grad,Komunalne usluge Cres Lošinj d.o.o.,2024,2716,1173,43600498596,IRDJU 2024 (obrazac dostavljen),
Primorsko-goranska,Crikvenica,grad,Eko - Murvica d.o.o.,2024,9980,4135,58401982639,IRDJU 2024 (obrazac dostavljen),
Primorsko-goranska,Čabar,grad,Komunalno trgovačko društvo Čabar d.o.o.,2024,3226,1304,58129032419,IRDJU 2024 (obrazac dostavljen),
Primorsko-goranska,Delnice,grad,Komunalac d.o.o. Delnice,2024,5135,2047,22745185008,IRDJU 2024 (obrazac dostavljen),
Primorsko-goranska,Kastav,grad,Komunalno društvo ČISTOĆA d. o. o. za održavanje čistoće i gospodarenje otpadom (Rijeka),2024,10202,3832,06531901714,IRDJU 2024 (obrazac dostavljen),
Primorsko-goranska,Kraljevica,grad,Komunalno društvo ČISTOĆA d. o. o. za održavanje čistoće i gospodarenje otpadom (Rijeka),2024,4066,1622,06531901714,IRDJU 2024 (obrazac dostavljen),
Primorsko-goranska,Krk,grad,Ponikve eko otok Krk d.o.o.,2024,6816,2587,04155352667,IRDJU 2024 (obrazac dostavljen),
Primorsko-goranska,Mali Lošinj,grad,Komunalne usluge Cres Lošinj d.o.o.,2024,7537,3004,43600498596,IRDJU 2024 (obrazac dostavljen),
Primorsko-goranska,Novi Vinodolski,grad,Komunalno trgovačko društvo Ivanj d.o.o.,2024,4328,1759,97741129364,IRDJU 2024 (obrazac dostavljen),
Primorsko-goranska,Opatija,grad,Komunalac d.o.o. Jurdani,2024,10619,4369,30295003016,IRDJU 2024 (obrazac dostavljen),
Primorsko-goranska,Rab,grad,Dundovo d.o.o.,2024,7161,2773,08484457911,IRDJU 2024 (obrazac dostavljen),
Primorsko-goranska,Rijeka,grad,Komunalno društvo ČISTOĆA d. o. o. za održavanje čistoće i gospodarenje otpadom (Rijeka),2024,107964,47886,06531901714,IRDJU 2024 (obrazac dostavljen),
Primorsko-goranska,Vrbovsko,grad,Komunalac d.o.o. (Vrbovsko),2024,3876,1663,45552012966,IRDJU 2024 (obrazac dostavljen),
Primorsko-goranska,Baška,općina,Ponikve eko otok Krk d.o.o.,2024,1656,772,04155352667,IRDJU 2024 (obrazac dostavljen),
Primorsko-goranska,Brod Moravice,općina,Komunalac d.o.o. Delnice,2024,663,282,22745185008,IRDJU 2024 (obrazac dostavljen),
Primorsko-goranska,Čavle,općina,Komunalno društvo ČISTOĆA d. o. o. za održavanje čistoće i gospodarenje otpadom (Rijeka),2024,7059,2593,06531901714,IRDJU 2024 (obrazac dostavljen),
Primorsko-goranska,Dobrinj,općina,Ponikve eko otok Krk d.o.o.,2024,2150,945,04155352667,IRDJU 2024 (obrazac dostavljen),
Primorsko-goranska,Fužine,općina,FUŽINE D.O.O.,2024,1394,590,70922563525,IRDJU 2024 (obrazac dostavljen),
Primorsko-goranska,Jelenje,općina,Komunalno društvo ČISTOĆA d. o. o. za održavanje čistoće i gospodarenje otpadom (Rijeka),2024,5096,1913,06531901714,IRDJU 2024 (obrazac dostavljen),
Primorsko-goranska,Klana,općina,Komunalno društvo ČISTOĆA d. o. o. za održavanje čistoće i gospodarenje otpadom (Rijeka),2024,1845,688,06531901714,IRDJU 2024 (obrazac dostavljen),
Primorsko-goranska,Kostrena,općina,Komunalno društvo ČISTOĆA d. o. o. za održavanje čistoće i gospodarenje otpadom (Rijeka),2024,4398,1656,06531901714,IRDJU 2024 (obrazac dostavljen),
Primorsko-goranska,Lokve,općina,Komunalac d.o.o. Delnice,2024,850,370,22745185008,IRDJU 2024 (obrazac dostavljen),
Primorsko-goranska,Lopar,općina,Lopar Vrutak d.o.o.,2024,1107,409,46240349814,IRDJU 2024 (obrazac dostavljen),
Primorsko-goranska,Lovran,općina,Komunalac d.o.o. Jurdani,2024,3527,1465,30295003016,IRDJU 2024 (obrazac dostavljen),
Primorsko-goranska,Malinska-Dubašnica,općina,Ponikve eko otok Krk d.o.o.,2024,3212,1358,04155352667,IRDJU 2024 (obrazac dostavljen),
Primorsko-goranska,Matulji,općina,Komunalac d.o.o. Jurdani,2024,10773,4033,30295003016,IRDJU 2024 (obrazac dostavljen),
Primorsko-goranska,Mošćenička Draga,općina,Komunalac d.o.o. Jurdani,2024,1288,513,30295003016,IRDJU 2024 (obrazac dostavljen),
Primorsko-goranska,Mrkopalj,općina,Komunalac d.o.o. Delnice,2024,924,386,22745185008,IRDJU 2024 (obrazac dostavljen),
Primorsko-goranska,Omišalj,općina,Ponikve eko otok Krk d.o.o.,2024,2992,1232,04155352667,IRDJU 2024 (obrazac dostavljen),
Primorsko-goranska,Punat,općina,Ponikve eko otok Krk d.o.o.,2024,1900,810,04155352667,IRDJU 2024 (obrazac dostavljen),
Primorsko-goranska,Ravna Gora,općina,Komunalac d.o.o. Delnice,2024,2028,831,22745185008,IRDJU 2024 (obrazac dostavljen),
Primorsko-goranska,Skrad,općina,Komunalac d.o.o. Delnice,2024,858,335,22745185008,IRDJU 2024 (obrazac dostavljen),
Primorsko-goranska,Vinodolska općina,općina,Eko - Murvica d.o.o.,2024,3226,1310,58401982639,IRDJU 2024 (obrazac dostavljen),
Primorsko-goranska,Viškovo,općina,Komunalno društvo ČISTOĆA d. o. o. za održavanje čistoće i gospodarenje otpadom (Rijeka),2024,16084,5791,06531901714,IRDJU 2024 (obrazac dostavljen),
Primorsko-goranska,Vrbnik,općina,Ponikve eko otok Krk d.o.o.,2024,1190,489,04155352667,IRDJU 2024 (obrazac dostavljen),
Ličko-senjska,Gospić,grad,KOMUNALAC GOSPIĆ,2024,11502,4412,64163074544,IRDJU 2024 (obrazac dostavljen),
Ličko-senjska,Novalja,grad,ARBUROŽA d.o.o.,2024,3680,1530,65785118677,IRDJU 2024 (obrazac dostavljen),
Ličko-senjska,Otočac,grad,Gacka d.o.o. Otočac,2024,8332,3181,32380214737,IRDJU 2024 (obrazac dostavljen),
Ličko-senjska,Senj,grad,GRADSKO KOMUNLNO DRUŠTVO SENJ d.o.o.,2024,5973,2595,45024889958,IRDJU 2024 (obrazac dostavljen),
Ličko-senjska,Brinje,općina,Komunalno društvo Brinje d.o.o.,2024,2563,1030,44146676576,IRDJU 2024 (obrazac dostavljen),
Ličko-senjska,Donji Lapac,općina,Visočica Komunalac d.o.o.,2024,1366,646,20197527312,IRDJU 2024 (obrazac dostavljen),
Ličko-senjska,Karlobag,općina,Vegium d.o.o.,2024,780,395,77465071491,IRDJU 2024 (obrazac dostavljen),
Ličko-senjska,Lovinac,općina,Komunalac Udbina d.o.o.,2024,943,393,26504267349,IRDJU 2024 (obrazac nije dostavljen; davatelj iz ROO 2024); OIB ispravljen (nije naveden -> 26504267349) prema nazivu,cjenik (Evidencija 5.10.2026): VRILO d.o.o.
Ličko-senjska,Perušić,općina,PERUŠIĆ d.o.o,2024,1973,895,72380967406,IRDJU 2024 (obrazac dostavljen),
Ličko-senjska,Plitvička Jezera,općina,Komunalac d.o.o. (Plitvička Jezera),2024,3649,1472,35080102633,IRDJU 2024 (obrazac dostavljen),
Ličko-senjska,Udbina,općina,Komunalac Udbina d.o.o.,2024,1334,587,26504267349,IRDJU 2024 (obrazac nije dostavljen; davatelj iz ROO 2024); OIB ispravljen (nije naveden -> 26504267349) prema nazivu,
Ličko-senjska,Vrhovine,općina,Vrhkom d.o.o. Vrhovine,2024,653,314,,IRDJU 2024 (obrazac dostavljen); OIB iz izvora (69293880054) ne prolazi kontrolu,
Virovitičko-podravska,Orahovica,grad,Papuk d.o.o.,2024,4537,1738,95664025141,IRDJU 2024 (obrazac dostavljen),
Virovitičko-podravska,Slatina,grad,Slatina kom d.o.o.,2024,11503,4299,69440520360,IRDJU 2024 (obrazac dostavljen),
Virovitičko-podravska,Virovitica,grad,FLORA VTC d.o.o.,2024,19302,7329,54521868069,IRDJU 2024 (obrazac dostavljen),
Virovitičko-podravska,Crnac,općina,Papuk d.o.o.,2024,1116,446,95664025141,IRDJU 2024 (obrazac dostavljen),
Virovitičko-podravska,Čačinci,općina,Papuk d.o.o.,2024,2162,856,95664025141,IRDJU 2024 (obrazac dostavljen),
Virovitičko-podravska,Čađavica,općina,EKO - FLOR PLUS D.O.O.,2024,1555,636,50730247993,IRDJU 2024 (obrazac dostavljen),
Virovitičko-podravska,Gradina,općina,FLORA VTC d.o.o.,2024,2874,1024,54521868069,IRDJU 2024 (obrazac dostavljen),
Virovitičko-podravska,Lukač,općina,FLORA VTC d.o.o.,2024,2759,1065,54521868069,IRDJU 2024 (obrazac dostavljen),
Virovitičko-podravska,Mikleuš,općina,EKO - FLOR PLUS D.O.O.,2024,1067,427,50730247993,IRDJU 2024 (obrazac dostavljen),"odluka o dodjeli (Evidencija 5.10.2026): Papuk d.o.o. (OIB 95664025141, na snazi od 23.12.2024.)"
Virovitičko-podravska,Nova Bukovica,općina,EKO - FLOR PLUS D.O.O.,2024,1275,504,50730247993,IRDJU 2024 (obrazac dostavljen),cjenik (Evidencija 5.10.2026): MULL-TRANS d.o.o.
Virovitičko-podravska,Pitomača,općina,Komunalno Pitomača d.o.o.,2024,8402,2971,17466734943,IRDJU 2024 (obrazac dostavljen),
Virovitičko-podravska,Sopje,općina,EKO - FLOR PLUS D.O.O.,2024,1897,681,50730247993,IRDJU 2024 (obrazac dostavljen),
Virovitičko-podravska,Suhopolje,općina,FLORA VTC d.o.o.,2024,5267,1963,54521868069,IRDJU 2024 (obrazac dostavljen),
Virovitičko-podravska,Špišić Bukovica,općina,FLORA VTC d.o.o.,2024,3303,1206,54521868069,IRDJU 2024 (obrazac dostavljen),
Virovitičko-podravska,Voćin,općina,EKO - FLOR PLUS D.O.O.,2024,1896,526,50730247993,IRDJU 2024 (obrazac dostavljen),
Virovitičko-podravska,Zdenci,općina,Papuk d.o.o.,2024,1453,591,95664025141,IRDJU 2024 (obrazac dostavljen),
Požeško-slavonska,Kutjevo,grad,Komunalac Požega d.o.o. za komunalne djelatnosti,2024,4870,1745,99740428762,IRDJU 2024 (obrazac dostavljen),
Požeško-slavonska,Lipik,grad,Komunalac d.o.o. Pakrac,2024,5127,1996,01617722870,IRDJU 2024 (obrazac dostavljen),
Požeško-slavonska,Pakrac,grad,Komunalac d.o.o. Pakrac,2024,7086,2992,01617722870,IRDJU 2024 (obrazac dostavljen),
Požeško-slavonska,Pleternica,grad,Komunalac Požega d.o.o. za komunalne djelatnosti,2024,9138,3135,99740428762,IRDJU 2024 (obrazac dostavljen),
Požeško-slavonska,Požega,grad,Komunalac Požega d.o.o. za komunalne djelatnosti,2024,22294,8405,99740428762,IRDJU 2024 (obrazac dostavljen),
Požeško-slavonska,Brestovac,općina,Komunalac Požega d.o.o. za komunalne djelatnosti,2024,2980,1135,99740428762,IRDJU 2024 (obrazac dostavljen),
Požeško-slavonska,Čaglin,općina,Komunalac Požega d.o.o. za komunalne djelatnosti,2024,2111,681,99740428762,IRDJU 2024 (obrazac dostavljen),
Požeško-slavonska,Jakšić,općina,Komunalac Požega d.o.o. za komunalne djelatnosti,2024,3371,1116,99740428762,IRDJU 2024 (obrazac dostavljen),
Požeško-slavonska,Kaptol,općina,Komunalac Požega d.o.o. za komunalne djelatnosti,2024,2605,909,99740428762,IRDJU 2024 (obrazac dostavljen),
Požeško-slavonska,Velika,općina,Komunalac Požega d.o.o. za komunalne djelatnosti,2024,4502,1522,99740428762,IRDJU 2024 (obrazac dostavljen),
Brodsko-posavska,Nova Gradiška,grad,ODLAGALIŠTE D.O.O.,2024,11690,4669,97575612726,IRDJU 2024 (obrazac dostavljen),
Brodsko-posavska,Slavonski Brod,grad,TD KOMUNALAC D.O.O.,2024,49891,18551,61888142985,IRDJU 2024 (obrazac dostavljen),
Brodsko-posavska,Bebrina,općina,JAKOB BECKER D.O.O.,2024,2817,898,61584237142,IRDJU 2024 (obrazac dostavljen),
Brodsko-posavska,Brodski Stupnik,općina,JAKOB BECKER D.O.O.,2024,2357,821,61584237142,IRDJU 2024 (obrazac dostavljen),
Brodsko-posavska,Bukovlje,općina,JAKOB BECKER D.O.O.,2024,2727,912,61584237142,IRDJU 2024 (obrazac dostavljen),
Brodsko-posavska,Cernik,općina,ODLAGALIŠTE D.O.O.,2024,2964,1065,97575612726,IRDJU 2024 (obrazac dostavljen),
Brodsko-posavska,Davor,općina,KOMUNALAC DAVOR d.o.o.,2024,2529,825,65665226983,IRDJU 2024 (obrazac dostavljen),
Brodsko-posavska,Donji Andrijevci,općina,EKO - FLOR PLUS D.O.O.,2024,3059,1081,50730247993,IRDJU 2024 (obrazac dostavljen),"cjenik (Evidencija 5.10.2026): RUNOLIST d.o.o. || odluka o dodjeli (Evidencija 5.10.2026): Runolist d.o.o. (OIB 89249510637, na snazi od 30.12.2022.)"
Brodsko-posavska,Dragalić,općina,ODLAGALIŠTE D.O.O.,2024,1058,410,97575612726,IRDJU 2024 (obrazac dostavljen),
Brodsko-posavska,Garčin,općina,EKO - FLOR PLUS D.O.O.,2024,3951,1362,50730247993,IRDJU 2024 (obrazac dostavljen),
Brodsko-posavska,Gornja Vrba,općina,JAKOB BECKER D.O.O.,2024,2168,690,61584237142,IRDJU 2024 (obrazac dostavljen),
Brodsko-posavska,Gornji Bogićevci,općina,ODLAGALIŠTE D.O.O.,2024,1428,580,97575612726,IRDJU 2024 (obrazac dostavljen),
Brodsko-posavska,Gundinci,općina,EKO - FLOR PLUS D.O.O.,2024,1610,499,50730247993,IRDJU 2024 (obrazac dostavljen),
Brodsko-posavska,Klakar,općina,JAKOB BECKER D.O.O.,2024,2020,633,61584237142,IRDJU 2024 (obrazac dostavljen),
Brodsko-posavska,Nova Kapela,općina,KOMUNALAC DAVOR d.o.o.,2024,3393,1257,65665226983,IRDJU 2024 (obrazac dostavljen),
Brodsko-posavska,Okučani,općina,Sloboština d.o.o.,2024,2323,955,33274495349,IRDJU 2024 (obrazac dostavljen),
Brodsko-posavska,Oprisavci,općina,EKO - FLOR PLUS D.O.O.,2024,1968,667,50730247993,IRDJU 2024 (obrazac dostavljen),
Brodsko-posavska,Oriovac,općina,JAKOB BECKER D.O.O.,2024,4770,1705,61584237142,IRDJU 2024 (obrazac dostavljen),
Brodsko-posavska,Podcrkavlje,općina,JAKOB BECKER D.O.O.,2024,2207,717,61584237142,IRDJU 2024 (obrazac dostavljen),
Brodsko-posavska,Rešetari,općina,ODLAGALIŠTE D.O.O.,2024,3852,1319,97575612726,IRDJU 2024 (obrazac dostavljen),
Brodsko-posavska,Sibinj,općina,JAKOB BECKER D.O.O.,2024,5730,2026,61584237142,IRDJU 2024 (obrazac dostavljen),
Brodsko-posavska,Sikirevci,općina,JAKOB BECKER D.O.O.,2024,2028,618,61584237142,IRDJU 2024 (obrazac dostavljen),
Brodsko-posavska,Slavonski Šamac,općina,JAKOB BECKER D.O.O.,2024,1576,557,61584237142,IRDJU 2024 (obrazac dostavljen),
Brodsko-posavska,Stara Gradiška,općina,ODLAGALIŠTE D.O.O.,2024,911,401,97575612726,IRDJU 2024 (obrazac dostavljen),
Brodsko-posavska,Staro Petrovo Selo,općina,ODLAGALIŠTE D.O.O.,2024,4110,1432,97575612726,IRDJU 2024 (obrazac dostavljen),
Brodsko-posavska,Velika Kopanica,općina,EKO - FLOR PLUS D.O.O.,2024,2621,890,50730247993,IRDJU 2024 (obrazac dostavljen),
Brodsko-posavska,Vrbje,općina,KOMUNALAC DAVOR d.o.o.,2024,1691,601,65665226983,IRDJU 2024 (obrazac dostavljen),
Brodsko-posavska,Vrpolje,općina,EKO - FLOR PLUS D.O.O.,2024,2818,935,50730247993,IRDJU 2024 (obrazac dostavljen),
Zadarska,Benkovac,grad,Benković d.o.o.,2024,9680,3384,11321589428,IRDJU 2024 (obrazac dostavljen),
Zadarska,Biograd na Moru,grad,Bošana d.o.o.,2024,5601,2042,47665065525,IRDJU 2024 (obrazac nije dostavljen; davatelj iz ROO 2024); OIB ispravljen (nije naveden -> 47665065525) prema nazivu,
Zadarska,Nin,grad,ČISTOĆA d.o.o. Zadar,2024,2705,1022,84923155727,IRDJU 2024 (obrazac dostavljen),
Zadarska,Obrovac,grad,LOŠI D.O.O.,2024,3453,1441,73052673570,IRDJU 2024 (obrazac dostavljen),
Zadarska,Pag,grad,Čistoća Pag d.o.o.,2024,3175,1359,13973013461,IRDJU 2024 (obrazac dostavljen),
Zadarska,Zadar,grad,ČISTOĆA d.o.o. Zadar,2024,70779,26755,84923155727,IRDJU 2024 (obrazac dostavljen),
Zadarska,Bibinje,općina,BIBINJAC D.O.O.,2024,3962,1335,08510701052,IRDJU 2024 (obrazac dostavljen),
Zadarska,Galovac,općina,ČISTOĆA d.o.o. Zadar,2024,1258,386,84923155727,IRDJU 2024 (obrazac dostavljen),
Zadarska,Gračac,općina,Gračac Čistoća d.o.o.,2024,3136,1348,11250206587,IRDJU 2024 (obrazac dostavljen),
Zadarska,Jasenice,općina,ČISTOĆA d.o.o. Zadar,2024,1348,495,84923155727,IRDJU 2024 (obrazac dostavljen); OIB ispravljen (89423155727 -> 84923155727) prema nazivu,
Zadarska,Kali,općina,ČISTOĆA d.o.o. Zadar,2024,1585,654,84923155727,IRDJU 2024 (obrazac dostavljen),cjenik (Evidencija 5.10.2026): HRIPA d.o.o. KALI
Zadarska,Kolan,općina,ČISTOĆA I ODRŽAVANJE KOLAN d.o.o,2024,815,336,41454598929,IRDJU 2024 (obrazac dostavljen),
Zadarska,Kukljica,općina,ČISTOĆA d.o.o. Zadar,2024,628,269,84923155727,IRDJU 2024 (obrazac dostavljen),
Zadarska,Lišane Ostrovičke,općina,Benković d.o.o.,2024,593,232,11321589428,IRDJU 2024 (obrazac dostavljen),
Zadarska,Novigrad,općina,ČISTOĆA d.o.o. Zadar,2024,2160,809,84923155727,IRDJU 2024 (obrazac dostavljen),
Zadarska,Pakoštane,općina,LOŠI D.O.O.,2024,4100,1379,73052673570,IRDJU 2024 (obrazac dostavljen),
Zadarska,Pašman,općina,ČISTOĆA d.o.o. Zadar,2024,2136,938,84923155727,IRDJU 2024 (obrazac dostavljen),cjenik (Evidencija 5.10.2026): Javna komunalna ustanova Otok Pašman
Zadarska,Polača,općina,Komunalno društvo Polača d.o.o.,2024,1389,455,74057832570,IRDJU 2024 (obrazac nije dostavljen; davatelj iz ROO 2024); OIB ispravljen (nije naveden -> 74057832570) prema nazivu,
Zadarska,Poličnik,općina,ČISTOĆA d.o.o. Zadar,2024,4676,1535,84923155727,IRDJU 2024 (obrazac dostavljen),
Zadarska,Posedarje,općina,ČISTOĆA d.o.o. Zadar,2024,3430,1203,84923155727,IRDJU 2024 (obrazac dostavljen),
Zadarska,Povljana,općina,Čistoća Povljana d.o.o.,2024,669,291,94050549525,IRDJU 2024 (obrazac dostavljen),
Zadarska,Preko,općina,ČISTOĆA d.o.o. Zadar,2024,3556,1481,84923155727,IRDJU 2024 (obrazac dostavljen),
Zadarska,Privlaka,općina,ČISTOĆA d.o.o. Zadar,2024,2128,821,84923155727,IRDJU 2024 (obrazac dostavljen),
Zadarska,Ražanac,općina,ČISTOĆA d.o.o. Zadar,2024,2746,1051,84923155727,IRDJU 2024 (obrazac dostavljen),
Zadarska,Sali,općina,Mulić d.o.o.,2024,1746,771,32779696403,IRDJU 2024 (obrazac dostavljen),
Zadarska,Stankovci,općina,EKO - FLOR PLUS D.O.O.,2024,1831,613,50730247993,IRDJU 2024 (obrazac dostavljen),cjenik (Evidencija 5.10.2026): MICHIELI-TOMIĆ d.o.o.
Zadarska,Starigrad,općina,ČISTOĆA d.o.o. Zadar,2024,1697,690,84923155727,IRDJU 2024 (obrazac dostavljen),
Zadarska,Sukošan,općina,ČISTOĆA d.o.o. Zadar,2024,4665,1574,84923155727,IRDJU 2024 (obrazac dostavljen),
Zadarska,Sveti Filip i Jakov,općina,ČISTOĆA d.o.o. Zadar,2024,4461,1565,84923155727,IRDJU 2024 (obrazac dostavljen); OIB ispravljen (82923155727 -> 84923155727) prema nazivu,
Zadarska,Škabrnja,općina,ČISTOĆA d.o.o. Zadar,2024,1661,493,84923155727,IRDJU 2024 (obrazac dostavljen),
Zadarska,Tkon,općina,Orlić d.o.o.,2024,748,267,01276735854,IRDJU 2024 (obrazac dostavljen),
Zadarska,Vir,općina,ČISTI OTOK D.O.O.,2024,3045,1467,15717069876,IRDJU 2024 (obrazac dostavljen),
Zadarska,Vrsi,općina,ČISTOĆA d.o.o. Zadar,2024,2045,772,84923155727,IRDJU 2024 (obrazac dostavljen),
Zadarska,Zemunik Donji,općina,ČISTOĆA d.o.o. Zadar,2024,2159,651,84923155727,IRDJU 2024 (obrazac dostavljen),
Osječko-baranjska,Beli Manastir,grad,Baranjska čistoća d.o.o.,2024,7973,3146,48154012452,IRDJU 2024 (obrazac dostavljen),
Osječko-baranjska,Belišće,grad,Kombel d.o.o.,2024,8884,3369,24110100646,IRDJU 2024 (obrazac dostavljen),
Osječko-baranjska,Donji Miholjac,grad,DOROSLOV d.o.o. za komunalne djelatnosti,2024,8031,2937,54395174446,IRDJU 2024 (obrazac dostavljen),
Osječko-baranjska,Đakovo,grad,UNIVERZAL d.o.o.,2024,23577,8092,34319609112,IRDJU 2024 (obrazac dostavljen),
Osječko-baranjska,Našice,grad,Našički park d.o.o.,2024,14291,5254,78250224691,IRDJU 2024 (obrazac dostavljen),
Osječko-baranjska,Osijek,grad,Unikom d.o.o.,2024,96313,39189,07507345484,IRDJU 2024 (obrazac dostavljen),
Osječko-baranjska,Valpovo,grad,URBANIZAM D.O.O.,2024,9784,3667,43639618908,IRDJU 2024 (obrazac dostavljen),
Osječko-baranjska,Antunovac,općina,Unikom d.o.o.,2024,3411,1106,07507345484,IRDJU 2024 (obrazac dostavljen),
Osječko-baranjska,Bilje,općina,Unikom d.o.o.,2024,4772,1800,07507345484,IRDJU 2024 (obrazac dostavljen),
Osječko-baranjska,Bizovac,općina,Unikom d.o.o.,2024,3733,1375,07507345484,IRDJU 2024 (obrazac dostavljen),
Osječko-baranjska,Čeminac,općina,Baranjska čistoća d.o.o.,2024,2484,931,48154012452,IRDJU 2024 (obrazac dostavljen),
Osječko-baranjska,Čepin,općina,Unikom d.o.o.,2024,9665,3413,07507345484,IRDJU 2024 (obrazac dostavljen),
Osječko-baranjska,Darda,općina,Baranjska čistoća d.o.o.,2024,5427,2095,48154012452,IRDJU 2024 (obrazac dostavljen),
Osječko-baranjska,Donja Motičina,općina,Našički park d.o.o.,2024,1334,480,78250224691,IRDJU 2024 (obrazac dostavljen),
Osječko-baranjska,Draž,općina,Baranjska čistoća d.o.o.,2024,1949,863,48154012452,IRDJU 2024 (obrazac dostavljen),
Osječko-baranjska,Drenje,općina,EKO - FLOR PLUS D.O.O.,2024,2126,797,50730247993,IRDJU 2024 (obrazac dostavljen),
Osječko-baranjska,Đurđenovac,općina,RAD d.o.o. za komunalne usluge,2024,5332,2119,01752409363,IRDJU 2024 (obrazac dostavljen),
Osječko-baranjska,Erdut,općina,ČVORKOVAC d.o.o.,2024,5436,2259,99894441383,IRDJU 2024 (obrazac dostavljen),
Osječko-baranjska,Ernestinovo,općina,Unikom d.o.o.,2024,1948,692,07507345484,IRDJU 2024 (obrazac dostavljen),
Osječko-baranjska,Feričanci,općina,RAD d.o.o. za komunalne usluge,2024,1725,664,01752409363,IRDJU 2024 (obrazac dostavljen),
Osječko-baranjska,Gorjani,općina,UNIVERZAL d.o.o.,2024,1246,474,34319609112,IRDJU 2024 (obrazac dostavljen),
Osječko-baranjska,Jagodnjak,općina,Baranjska čistoća d.o.o.,2024,1500,578,48154012452,IRDJU 2024 (obrazac dostavljen),
Osječko-baranjska,Kneževi Vinogradi,općina,Baranjska čistoća d.o.o.,2024,3357,1397,48154012452,IRDJU 2024 (obrazac dostavljen),
Osječko-baranjska,Koška,općina,EKO - FLOR PLUS D.O.O.,2024,3169,1152,50730247993,IRDJU 2024 (obrazac dostavljen),
Osječko-baranjska,Levanjska Varoš,općina,UNIVERZAL d.o.o.,2024,767,300,34319609112,IRDJU 2024 (obrazac dostavljen),
Osječko-baranjska,Magadenovac,općina,EKO - FLOR PLUS D.O.O.,2024,1579,591,50730247993,IRDJU 2024 (obrazac dostavljen),
Osječko-baranjska,Marijanci,općina,DOROSLOV d.o.o. za komunalne djelatnosti,2024,1951,706,54395174446,IRDJU 2024 (obrazac dostavljen),
Osječko-baranjska,Petlovac,općina,Baranjska čistoća d.o.o.,2024,1874,715,48154012452,IRDJU 2024 (obrazac dostavljen),
Osječko-baranjska,Petrijevci,općina,Unikom d.o.o.,2024,2485,906,07507345484,IRDJU 2024 (obrazac dostavljen),
Osječko-baranjska,Podgorač,općina,Našički park d.o.o.,2024,2455,894,78250224691,IRDJU 2024 (obrazac dostavljen),"odluka o dodjeli (Evidencija 5.10.2026): Podgorski komunalac d.o.o. (OIB 41555314063, na snazi od 19.04.2023.)"
Osječko-baranjska,Podravska Moslavina,općina,EKO - FLOR PLUS D.O.O.,2024,954,331,50730247993,IRDJU 2024 (obrazac dostavljen),
Osječko-baranjska,Popovac,općina,Baranjska čistoća d.o.o.,2024,1446,633,48154012452,IRDJU 2024 (obrazac dostavljen),
Osječko-baranjska,Punitovci,općina,EKO - FLOR PLUS D.O.O.,2024,1562,537,50730247993,IRDJU 2024 (obrazac dostavljen),
Osječko-baranjska,Satnica Đakovačka,općina,UNIVERZAL d.o.o.,2024,1775,602,34319609112,IRDJU 2024 (obrazac dostavljen),
Osječko-baranjska,Semeljci,općina,Junakovci d.o.o. Semeljci,2024,3558,1201,31942025395,IRDJU 2024 (obrazac dostavljen),
Osječko-baranjska,Strizivojna,općina,UNIVERZAL d.o.o.,2024,2027,662,34319609112,IRDJU 2024 (obrazac dostavljen),
Osječko-baranjska,Šodolovci,općina,NEVKOŠ D.O.O.,2024,1217,483,76173743169,IRDJU 2024 (obrazac dostavljen),
Osječko-baranjska,Trnava,općina,UNIVERZAL d.o.o.,2024,1251,443,34319609112,IRDJU 2024 (obrazac dostavljen),
Osječko-baranjska,Viljevo,općina,EKO - FLOR PLUS D.O.O.,2024,1626,600,50730247993,IRDJU 2024 (obrazac dostavljen),
Osječko-baranjska,Viškovci,općina,UNIVERZAL d.o.o.,2024,1496,499,34319609112,IRDJU 2024 (obrazac dostavljen),
Osječko-baranjska,Vladislavci,općina,Unikom d.o.o.,2024,1552,579,07507345484,IRDJU 2024 (obrazac dostavljen),
Osječko-baranjska,Vuka,općina,Unikom d.o.o.,2024,984,345,07507345484,IRDJU 2024 (obrazac dostavljen),
Šibensko-kninska,Drniš,grad,Gradska čistoća Drniš d.o.o.,2024,6276,2442,52284012661,IRDJU 2024 (obrazac dostavljen),
Šibensko-kninska,Knin,grad,ČISTOĆA I ZELENILO d.o.o.,2024,11633,4433,46163832762,IRDJU 2024 (obrazac dostavljen),
Šibensko-kninska,Skradin,grad,Rivina jaruga d.o.o.,2024,3349,1371,35718634536,IRDJU 2024 (obrazac dostavljen),
Šibensko-kninska,Šibenik,grad,ZELENI GRAD ŠIBENIK d.o.o.,2024,42599,16893,54873130289,IRDJU 2024 (obrazac dostavljen),
Šibensko-kninska,Vodice,grad,LEĆ doo,2024,8649,3483,79331181937,IRDJU 2024 (obrazac dostavljen),
Šibensko-kninska,Bilice,općina,ZELENI GRAD ŠIBENIK d.o.o.,2024,2546,899,54873130289,IRDJU 2024 (obrazac dostavljen),
Šibensko-kninska,Biskupija,općina,KOMUNALNO DRUŠTVO BISKUPIJA d.o.o.,2024,1177,542,22596900244,IRDJU 2024 (obrazac dostavljen),
Šibensko-kninska,Civljane,općina,KOMUNALNO DRUŠTVO BISKUPIJA d.o.o.,2024,171,88,22596900244,IRDJU 2024 (obrazac dostavljen); OIB ispravljen (22596900245 -> 22596900244) prema nazivu,
Šibensko-kninska,Ervenik,općina,KOMUNALNO DRUŠTVO BISKUPIJA d.o.o.,2024,789,375,22596900244,IRDJU 2024 (obrazac dostavljen); OIB ispravljen (22596900245 -> 22596900244) prema nazivu,
Šibensko-kninska,Kijevo,općina,KOMUNALNO DRUŠTVO KIJEVO d.o.o.,2024,272,153,45756882694,IRDJU 2024 (obrazac dostavljen),
Šibensko-kninska,Kistanje,općina,Komunalno Poduzeće Kistanje d.o.o.,2024,2650,1055,65548640564,IRDJU 2024 (obrazac dostavljen),
Šibensko-kninska,Murter-Kornati,općina,Murtela d.o.o.,2024,1934,811,74557241266,IRDJU 2024 (obrazac dostavljen),
Šibensko-kninska,Pirovac,općina,Vrilo d.o.o.,2024,1606,676,84014382315,IRDJU 2024 (obrazac dostavljen),
Šibensko-kninska,Primošten,općina,Bucavac d.o.o.,2024,2627,1078,86484630480,IRDJU 2024 (obrazac dostavljen),
Šibensko-kninska,Promina,općina,EKO PROMINA d.o.o.,2024,943,360,90431466150,IRDJU 2024 (obrazac dostavljen),
Šibensko-kninska,Rogoznica,općina,Škovacin d.o.o.,2024,2106,956,46637054013,IRDJU 2024 (obrazac dostavljen),
Šibensko-kninska,Ružić,općina,Gradska čistoća Drniš d.o.o.,2024,1283,490,52284012661,IRDJU 2024 (obrazac dostavljen),
Šibensko-kninska,Tisno,općina,JEŽINAC D.O.O.,2024,2908,1209,51893359623,IRDJU 2024 (obrazac dostavljen),
Šibensko-kninska,Tribunj,općina,LEĆ doo,2024,1594,622,79331181937,IRDJU 2024 (obrazac dostavljen),
Šibensko-kninska,Unešić,općina,EKO ZAGORA D.O.O.,2024,1269,560,09982320616,IRDJU 2024 (obrazac dostavljen),
Vukovarsko-srijemska,Ilok,grad,KOM-ILOK D.O.O.,2024,5045,1991,31574808968,IRDJU 2024 (obrazac dostavljen),
Vukovarsko-srijemska,Otok,grad,Vranjevo d.o.o.,2024,4899,1712,17434560655,IRDJU 2024 (obrazac dostavljen),
Vukovarsko-srijemska,Vinkovci,grad,NEVKOŠ D.O.O.,2024,30842,11388,76173743169,IRDJU 2024 (obrazac dostavljen),
Vukovarsko-srijemska,Vukovar,grad,Komunalac d.o.o. Vukovar,2024,23175,9752,83101904488,IRDJU 2024 (obrazac dostavljen),
Vukovarsko-srijemska,Županja,grad,ČISTOĆA ŽUPANJA d.o.o.,2024,9153,3499,85409306989,IRDJU 2024 (obrazac dostavljen),
Vukovarsko-srijemska,Andrijaševci,općina,NEVKOŠ D.O.O.,2024,3441,1151,76173743169,IRDJU 2024 (obrazac dostavljen),
Vukovarsko-srijemska,Babina Greda,općina,ČISTOĆA ŽUPANJA d.o.o.,2024,2762,936,85409306989,IRDJU 2024 (obrazac dostavljen),
Vukovarsko-srijemska,Bogdanovci,općina,Komunalac d.o.o. Vukovar,2024,1545,575,83101904488,IRDJU 2024 (obrazac dostavljen),
Vukovarsko-srijemska,Borovo,općina,Eko-Dunav d.o.o. za komunalno gospodarstvo,2024,3555,1352,78491952386,IRDJU 2024 (obrazac dostavljen),
Vukovarsko-srijemska,Bošnjaci,općina,ČISTOĆA ŽUPANJA d.o.o.,2024,2868,1027,85409306989,IRDJU 2024 (obrazac dostavljen),
Vukovarsko-srijemska,Cerna,općina,ČISTOĆA ŽUPANJA d.o.o.,2024,3712,1258,85409306989,IRDJU 2024 (obrazac dostavljen),
Vukovarsko-srijemska,Drenovci,općina,Drenovci d.o.o. za komunalne djelatnosti,2024,3662,1495,58020541864,IRDJU 2024 (obrazac dostavljen),
Vukovarsko-srijemska,Gradište,općina,ČISTOĆA ŽUPANJA d.o.o.,2024,2227,783,85409306989,IRDJU 2024 (obrazac dostavljen),
Vukovarsko-srijemska,Gunja,općina,Gunjanska čistoća d.o.o.,2024,2600,1080,46007078487,IRDJU 2024 (obrazac dostavljen),
Vukovarsko-srijemska,Ivankovo,općina,NEVKOŠ D.O.O.,2024,6543,2120,76173743169,IRDJU 2024 (obrazac dostavljen),
Vukovarsko-srijemska,Jarmina,općina,NEVKOŠ D.O.O.,2024,2016,702,76173743169,IRDJU 2024 (obrazac dostavljen),
Vukovarsko-srijemska,Lovas,općina,EKO - FLOR PLUS D.O.O.,2024,980,402,50730247993,IRDJU 2024 (obrazac dostavljen),
Vukovarsko-srijemska,Lovas,općina,Komunalac d.o.o. Vukovar,2024,980,402,83101904488,IRDJU 2024 (obrazac dostavljen),
Vukovarsko-srijemska,Markušica,općina,NEVKOŠ D.O.O.,2024,1773,704,76173743169,IRDJU 2024 (obrazac dostavljen),
Vukovarsko-srijemska,Negoslavci,općina,Komunalac d.o.o. Vukovar,2024,983,367,83101904488,IRDJU 2024 (obrazac dostavljen),
Vukovarsko-srijemska,Nijemci,općina,EKO - FLOR PLUS D.O.O.,2024,3526,1299,50730247993,IRDJU 2024 (obrazac dostavljen),
Vukovarsko-srijemska,Nuštar,općina,NEVKOŠ D.O.O.,2024,4861,1586,76173743169,IRDJU 2024 (obrazac dostavljen),
Vukovarsko-srijemska,Privlaka,općina,NEVKOŠ D.O.O.,2024,2192,765,76173743169,IRDJU 2024 (obrazac dostavljen),
Vukovarsko-srijemska,Stari Jankovci,općina,EKO JANKOVCI d.o.o.,2024,3271,1240,60887400677,IRDJU 2024 (obrazac dostavljen),
Vukovarsko-srijemska,Stari Mikanovci,općina,Obrt za odvoz smeća UTVAJ,2024,2419,821,23637380433,IRDJU 2024 (obrazac dostavljen),
Vukovarsko-srijemska,Štitar,općina,ČISTOĆA ŽUPANJA d.o.o.,2024,1552,570,85409306989,IRDJU 2024 (obrazac dostavljen),
Vukovarsko-srijemska,Tompojevci,općina,Komunalac d.o.o. Vukovar,2024,1116,457,83101904488,IRDJU 2024 (obrazac dostavljen),
Vukovarsko-srijemska,Tordinci,općina,NEVKOŠ D.O.O.,2024,1657,602,76173743169,IRDJU 2024 (obrazac dostavljen),
Vukovarsko-srijemska,Tovarnik,općina,EKO - FLOR PLUS D.O.O.,2024,2067,770,50730247993,IRDJU 2024 (obrazac dostavljen),
Vukovarsko-srijemska,Trpinja,općina,Krio d.o.o.,2024,4167,1613,22366356886,IRDJU 2024 (obrazac nije dostavljen; davatelj iz ROO 2024); OIB ispravljen (nije naveden -> 22366356886) prema nazivu,
Vukovarsko-srijemska,Vođinci,općina,Obrt za odvoz smeća UTVAJ,2024,1634,503,23637380433,IRDJU 2024 (obrazac dostavljen),
Vukovarsko-srijemska,Vrbanja,općina,Vranjevo d.o.o.,2024,2870,1127,17434560655,IRDJU 2024 (obrazac dostavljen),cjenik (Evidencija 5.10.2026): ČISTOĆA ŽUPANJA d.o.o.
Splitsko-dalmatinska,Hvar,grad,Komunalno Hvar d.o.o.,2024,3979,1533,85724396887,IRDJU 2024 (obrazac dostavljen),
Splitsko-dalmatinska,Imotski,grad,Komunalno Društvo Grada Imotskog d.o.o.,2024,9153,2603,13768167508,IRDJU 2024 (obrazac dostavljen),cjenik (Evidencija 5.10.2026): ČISTOĆA IMOTSKE KRAJINE d.o.o.
Splitsko-dalmatinska,Kaštela,grad,ZELENO I MODRO d.o.o.,2024,37794,12861,44813350399,IRDJU 2024 (obrazac dostavljen),
Splitsko-dalmatinska,Komiža,grad,NAUTIČKI CENTAR KOMIŽA D.O.O.,2024,1394,644,80069446180,IRDJU 2024 (obrazac dostavljen),
Splitsko-dalmatinska,Makarska,grad,Makarski komunalac d.o.o.,2024,13301,4836,12733878804,IRDJU 2024 (obrazac dostavljen),
Splitsko-dalmatinska,Omiš,grad,PEOVICA D.O.O.,2024,14139,4894,34614033767,IRDJU 2024 (obrazac dostavljen),
Splitsko-dalmatinska,Sinj,grad,ČISTOĆA CETINSKE KRAJINE d.o.o.,2024,23452,7678,79243957155,IRDJU 2024 (obrazac dostavljen),
Splitsko-dalmatinska,Solin,grad,ČISTOĆA d.o.o. Split,2024,24862,8338,38812451417,IRDJU 2024 (obrazac dostavljen),
Splitsko-dalmatinska,Split,grad,ČISTOĆA d.o.o. Split,2024,160577,59998,38812451417,IRDJU 2024 (obrazac dostavljen),
Splitsko-dalmatinska,Stari Grad,grad,KOMUNALNO STARI GRAD d.o.o.,2024,2772,1128,32328464260,IRDJU 2024 (obrazac dostavljen),
Splitsko-dalmatinska,Supetar,grad,Komunalno društvo GRAD d.o.o. (Supetar),2024,4325,1742,79182010236,IRDJU 2024 (obrazac dostavljen),
Splitsko-dalmatinska,Trilj,grad,ČISTOĆA CETINSKE KRAJINE d.o.o.,2024,8182,2596,79243957155,IRDJU 2024 (obrazac dostavljen),
Splitsko-dalmatinska,Trogir,grad,TROGIR HOLDING d.o.o.,2024,12393,4563,09746817380,IRDJU 2024 (obrazac dostavljen),
Splitsko-dalmatinska,Vis,grad,GRADINA VIS d.o.o. za komunalne djelatnosti i pružanje usluga u nautičkom turizmu,2024,1918,850,36896460047,IRDJU 2024 (obrazac dostavljen),
Splitsko-dalmatinska,Vrgorac,grad,GRADSKA ČISTOĆA I USLUGE D.O.O.,2024,5698,1830,00031138108,IRDJU 2024 (obrazac dostavljen),
Splitsko-dalmatinska,Vrlika,grad,EKO VRLIKA d.o.o. za komunalne djelatnosti,2024,1728,672,58922555694,IRDJU 2024 (obrazac dostavljen),
Splitsko-dalmatinska,Baška Voda,općina,GRADINA-BAŠKA VODA d.o.o.,2024,2590,998,57015795940,IRDJU 2024 (obrazac dostavljen),
Splitsko-dalmatinska,Bol,općina,MICHIELI-TOMIĆ doo,2024,1678,624,38856841151,IRDJU 2024 (obrazac dostavljen),
Splitsko-dalmatinska,Brela,općina,Greben Brela d.o.o.,2024,1626,566,35127907914,IRDJU 2024 (obrazac dostavljen),
Splitsko-dalmatinska,Cista Provo,općina,Čistoća Imotske krajine d.o.o.,2024,1799,656,50922695010,IRDJU 2024 (obrazac dostavljen),
Splitsko-dalmatinska,Dicmo,općina,ČISTOĆA CETINSKE KRAJINE d.o.o.,2024,2805,897,79243957155,IRDJU 2024 (obrazac dostavljen),
Splitsko-dalmatinska,Dugi Rat,općina,PEOVICA D.O.O.,2024,6876,2292,34614033767,IRDJU 2024 (obrazac dostavljen),
Splitsko-dalmatinska,Dugopolje,općina,ČISTOĆA d.o.o. Split,2024,3742,1258,38812451417,IRDJU 2024 (obrazac dostavljen),
Splitsko-dalmatinska,Gradac,općina,Komunalno održavanje d.o.o. (Ploče),2024,2401,1016,44270699963,IRDJU 2024 (obrazac dostavljen),
Splitsko-dalmatinska,Hrvace,općina,ČISTOĆA CETINSKE KRAJINE d.o.o.,2024,3144,1104,79243957155,IRDJU 2024 (obrazac dostavljen),
Splitsko-dalmatinska,Jelsa,općina,JELKOM d.o.o.,2024,3501,1428,92345732468,IRDJU 2024 (obrazac dostavljen),
Splitsko-dalmatinska,Klis,općina,ČISTOĆA d.o.o. Split,2024,5226,1868,38812451417,IRDJU 2024 (obrazac dostavljen),
Splitsko-dalmatinska,Lećevica,općina,MARINSKI KOMUNALAC d.o.o.,2024,495,226,75030609957,IRDJU 2024 (obrazac dostavljen),
Splitsko-dalmatinska,Lokvičići,općina,Čistoća Imotske krajine d.o.o.,2024,667,213,50922695010,IRDJU 2024 (obrazac dostavljen),
Splitsko-dalmatinska,Lovreć,općina,Čistoća Imotske krajine d.o.o.,2024,1402,508,50922695010,IRDJU 2024 (obrazac dostavljen),
Splitsko-dalmatinska,Marina,općina,MARINSKI KOMUNALAC d.o.o.,2024,4273,1725,75030609957,IRDJU 2024 (obrazac dostavljen),
Splitsko-dalmatinska,Milna,općina,MICHIELI-TOMIĆ doo,2024,931,395,38856841151,IRDJU 2024 (obrazac dostavljen),
Splitsko-dalmatinska,Muć,općina,KOMUNALNO PODUZEĆE MUĆ D.O.O,2024,3465,1314,21599604274,IRDJU 2024 (obrazac dostavljen),
Splitsko-dalmatinska,Nerežišća,općina,MICHIELI-TOMIĆ doo,2024,878,330,38856841151,IRDJU 2024 (obrazac dostavljen),
Splitsko-dalmatinska,Okrug,općina,Rudej d.o.o.,2024,2995,1246,20452202383,IRDJU 2024 (obrazac dostavljen),
Splitsko-dalmatinska,Otok,općina,ČISTOĆA CETINSKE KRAJINE d.o.o.,2024,4998,1580,79243957155,IRDJU 2024 (obrazac dostavljen),
Splitsko-dalmatinska,Podbablje,općina,Čistoća Imotske krajine d.o.o.,2024,4035,1228,50922695010,IRDJU 2024 (obrazac dostavljen),
Splitsko-dalmatinska,Podgora,općina,Podgorski komunalac d.o.o.,2024,2233,921,41555314063,IRDJU 2024 (obrazac dostavljen),cjenik (Evidencija 5.10.2026): PODGORA ČISTOĆA d.o.o.
Splitsko-dalmatinska,Podstrana,općina,ČISTOĆA d.o.o. Split,2024,10403,3393,38812451417,IRDJU 2024 (obrazac dostavljen),
Splitsko-dalmatinska,Postira,općina,MICHIELI-TOMIĆ doo,2024,1538,598,38856841151,IRDJU 2024 (obrazac dostavljen),
Splitsko-dalmatinska,Prgomet,općina,MARINSKI KOMUNALAC d.o.o.,2024,498,216,75030609957,IRDJU 2024 (obrazac dostavljen),
Splitsko-dalmatinska,Primorski Dolac,općina,MARINSKI KOMUNALAC d.o.o.,2024,686,254,75030609957,IRDJU 2024 (obrazac dostavljen),
Splitsko-dalmatinska,Proložac,općina,Čistoća Imotske krajine d.o.o.,2024,3112,932,50922695010,IRDJU 2024 (obrazac dostavljen),
Splitsko-dalmatinska,Pučišća,općina,MICHIELI-TOMIĆ doo,2024,1926,717,38856841151,IRDJU 2024 (obrazac dostavljen),
Splitsko-dalmatinska,Runovići,općina,Čistoća Imotske krajine d.o.o.,2024,1968,599,50922695010,IRDJU 2024 (obrazac dostavljen),
Splitsko-dalmatinska,Seget,općina,ZELENI SEGET d.o.o. za obavljanje komunalnih djelatnosti,2024,4511,1629,22932965070,IRDJU 2024 (obrazac dostavljen),
Splitsko-dalmatinska,Selca,općina,MICHIELI-TOMIĆ doo,2024,1613,700,38856841151,IRDJU 2024 (obrazac dostavljen),
Splitsko-dalmatinska,Sućuraj,općina,Općina Sućuraj,2024,426,225,22949687323,IRDJU 2024 (obrazac nije dostavljen; davatelj iz ROO 2024); OIB ispravljen (nije naveden -> 22949687323) prema nazivu,
Splitsko-dalmatinska,Sutivan,općina,MICHIELI-TOMIĆ doo,2024,936,401,38856841151,IRDJU 2024 (obrazac dostavljen),
Splitsko-dalmatinska,Šestanovac,općina,PEOVICA D.O.O.,2024,1669,650,34614033767,IRDJU 2024 (obrazac dostavljen),
Splitsko-dalmatinska,Šolta,općina,Komunalno Basilija d.o.o.,2024,1975,1004,23193263251,IRDJU 2024 (obrazac dostavljen),
Splitsko-dalmatinska,Tučepi,općina,Tučepi d.o.o.,2024,1819,656,25263140544,IRDJU 2024 (obrazac dostavljen); OIB ispravljen (25263000000 -> 25263140544) prema nazivu,
Splitsko-dalmatinska,Zadvarje,općina,PEOVICA D.O.O.,2024,289,100,34614033767,IRDJU 2024 (obrazac dostavljen),
Splitsko-dalmatinska,Zagvozd,općina,Čistoća Imotske krajine d.o.o.,2024,957,362,50922695010,IRDJU 2024 (obrazac dostavljen),
Splitsko-dalmatinska,Zmijavci,općina,Čistoća Imotske krajine d.o.o.,2024,1654,500,50922695010,IRDJU 2024 (obrazac dostavljen),
Istarska,Buje – Buie,grad,6.Maj d.o.o.,2024,4441,1778,56396370038,IRDJU 2024 (obrazac dostavljen),
Istarska,Buzet,grad,PARK d.o.o. (Buzet),2024,5999,2137,78086095402,IRDJU 2024 (obrazac dostavljen),
Istarska,Labin,grad,"1. MAJ LABIN, društvo s ograničenom odgovornošću",2024,10424,4371,23557321379,IRDJU 2024 (obrazac dostavljen),
Istarska,Novigrad – Cittanova,grad,6.Maj d.o.o.,2024,3889,1494,56396370038,IRDJU 2024 (obrazac dostavljen),
Istarska,Pazin,grad,Usluga d.o.o. (Pazin),2024,8279,3000,03455963475,IRDJU 2024 (obrazac dostavljen),
Istarska,Poreč – Parenzo,grad,Usluga Poreč d.o.o.,2024,16607,6467,31073587765,IRDJU 2024 (obrazac dostavljen),
Istarska,Pula – Pola,grad,Pula Herculanea d.o.o.,2024,52220,21777,11294943436,IRDJU 2024 (obrazac dostavljen),
Istarska,Rovinj – Rovigno,grad,KOMUNALNI SERVIS D.O.O.,2024,12968,5003,22751868617,IRDJU 2024 (obrazac dostavljen),
Istarska,Umag – Umago,grad,6.Maj d.o.o.,2024,12699,5027,56396370038,IRDJU 2024 (obrazac dostavljen),
Istarska,Vodnjan – Dignano,grad,CONTRADA d.o.o. za obavljanje komunalnih djelatnosti,2024,5838,2183,67506743047,IRDJU 2024 (obrazac dostavljen),
Istarska,Bale – Valle,općina,KOMUNALNI SERVIS D.O.O.,2024,1170,424,22751868617,IRDJU 2024 (obrazac dostavljen),
Istarska,Barban,općina,Pula Herculanea d.o.o.,2024,2491,915,11294943436,IRDJU 2024 (obrazac dostavljen),
Istarska,Brtonigla – Verteneglio,općina,6.Maj d.o.o.,2024,1523,602,56396370038,IRDJU 2024 (obrazac dostavljen),
Istarska,Cerovlje,općina,Usluga d.o.o. (Pazin),2024,1453,460,03455963475,IRDJU 2024 (obrazac dostavljen),
Istarska,Fažana – Fasana,općina,Pula Herculanea d.o.o.,2024,3463,1306,11294943436,IRDJU 2024 (obrazac dostavljen); OIB ispravljen (11296943436 -> 11294943436) prema nazivu,
Istarska,Funtana – Fontane,općina,Usluga Poreč d.o.o.,2024,911,345,31073587765,IRDJU 2024 (obrazac dostavljen),
Istarska,Gračišće,općina,Usluga d.o.o. (Pazin),2024,1312,379,03455963475,IRDJU 2024 (obrazac dostavljen),
Istarska,Grožnjan – Grisignana,općina,6.Maj d.o.o.,2024,656,250,56396370038,IRDJU 2024 (obrazac dostavljen),
Istarska,Kanfanar,općina,KOMUNALNI SERVIS D.O.O.,2024,1498,532,22751868617,IRDJU 2024 (obrazac dostavljen),
Istarska,Karojba,općina,Usluga d.o.o. (Pazin),2024,1404,433,03455963475,IRDJU 2024 (obrazac dostavljen),
Istarska,Kaštelir-Labinci – Castelliere-S. Domenica,općina,Usluga Poreč d.o.o.,2024,1493,534,31073587765,IRDJU 2024 (obrazac dostavljen),
Istarska,Kršan,općina,"1. MAJ LABIN, društvo s ograničenom odgovornošću",2024,2829,1039,23557321379,IRDJU 2024 (obrazac dostavljen),
Istarska,Lanišće,općina,PARK d.o.o. (Buzet),2024,268,118,78086095402,IRDJU 2024 (obrazac dostavljen),
Istarska,Ližnjan – Lisignano,općina,Pula Herculanea d.o.o.,2024,4087,1486,11294943436,IRDJU 2024 (obrazac dostavljen),
Istarska,Lupoglav,općina,Usluga d.o.o. (Pazin),2024,836,315,03455963475,IRDJU 2024 (obrazac dostavljen),
Istarska,Marčana,općina,Pula Herculanea d.o.o.,2024,4250,1549,11294943436,IRDJU 2024 (obrazac dostavljen),
Istarska,Medulin,općina,Med eko servis d.o.o,2024,6552,2656,68103986020,IRDJU 2024 (obrazac dostavljen),
Istarska,Motovun – Montona,općina,Usluga d.o.o. (Pazin),2024,912,317,03455963475,IRDJU 2024 (obrazac dostavljen),
Istarska,Oprtalj – Portole,općina,6.Maj d.o.o.,2024,748,293,56396370038,IRDJU 2024 (obrazac dostavljen),
Istarska,Pićan,općina,"1. MAJ LABIN, društvo s ograničenom odgovornošću",2024,1722,560,23557321379,IRDJU 2024 (obrazac dostavljen),
Istarska,Raša,općina,"1. MAJ LABIN, društvo s ograničenom odgovornošću",2024,2809,1129,23557321379,IRDJU 2024 (obrazac dostavljen),
Istarska,Sveta Nedelja,općina,"1. MAJ LABIN, društvo s ograničenom odgovornošću",2024,2898,1075,23557321379,IRDJU 2024 (obrazac dostavljen),
Istarska,Sveti Lovreč,općina,Usluga Poreč d.o.o.,2024,960,319,31073587765,IRDJU 2024 (obrazac dostavljen),
Istarska,Sveti Petar u Šumi,općina,Usluga d.o.o. (Pazin),2024,1051,325,03455963475,IRDJU 2024 (obrazac dostavljen),
Istarska,Svetvinčenat,općina,Pula Herculanea d.o.o.,2024,2179,780,11294943436,IRDJU 2024 (obrazac dostavljen),
Istarska,Tar-Vabriga – Torre-Abrega,općina,Usluga Poreč d.o.o.,2024,2148,791,31073587765,IRDJU 2024 (obrazac dostavljen),
Istarska,Tinjan,općina,Usluga d.o.o. (Pazin),2024,1729,572,03455963475,IRDJU 2024 (obrazac dostavljen),
Istarska,Višnjan – Visignano,općina,Usluga Poreč d.o.o.,2024,2096,752,31073587765,IRDJU 2024 (obrazac dostavljen),
Istarska,Vižinada – Visinada,općina,Usluga Poreč d.o.o.,2024,1142,410,31073587765,IRDJU 2024 (obrazac dostavljen),
Istarska,Vrsar – Orsera,općina,Usluga Poreč d.o.o.,2024,1923,720,31073587765,IRDJU 2024 (obrazac dostavljen),
Istarska,Žminj,općina,KOMUNALNI SERVIS D.O.O.,2024,3360,1087,22751868617,IRDJU 2024 (obrazac dostavljen),
Dubrovačko-neretvanska,Dubrovnik,grad,ČISTOĆA d.o.o. (Dubrovnik),2024,41562,15198,16912997621,IRDJU 2024 (obrazac dostavljen),
Dubrovačko-neretvanska,Korčula,grad,KTD Hober d.o.o.,2024,5415,2046,90015801532,IRDJU 2024 (obrazac dostavljen),
Dubrovačko-neretvanska,Metković,grad,Respekt d.o.o.,2024,15235,4602,86484196363,IRDJU 2024 (obrazac dostavljen),
Dubrovačko-neretvanska,Metković,grad,Čistoća Metković d.o.o.,2024,15235,4602,53973515423,IRDJU 2024 (obrazac dostavljen),
Dubrovačko-neretvanska,Opuzen,grad,ČISTOĆA OPUZEN D.O.O.,2024,2838,997,76374489207,IRDJU 2024 (obrazac dostavljen),
Dubrovačko-neretvanska,Ploče,grad,Komunalno održavanje d.o.o. (Ploče),2024,8220,3039,44270699963,IRDJU 2024 (obrazac dostavljen),
Dubrovačko-neretvanska,Blato,općina,EKO d.o.o. (BLATO),2024,3330,1183,97960781044,IRDJU 2024 (obrazac dostavljen),
Dubrovačko-neretvanska,Dubrovačko primorje,općina,ČISTOĆA d.o.o. (Dubrovnik),2024,1636,698,16912997621,IRDJU 2024 (obrazac dostavljen),
Dubrovačko-neretvanska,Janjina,općina,VLASTITI POGON OPĆINE JANJINA,2024,522,252,52759181451,IRDJU 2024 (obrazac dostavljen),
Dubrovačko-neretvanska,Konavle,općina,ČISTOĆA d.o.o. (Dubrovnik),2024,8607,2826,16912997621,IRDJU 2024 (obrazac dostavljen),
Dubrovačko-neretvanska,Kula Norinska,općina,Čistoća Metković d.o.o.,2024,1414,471,53973515423,IRDJU 2024 (obrazac dostavljen),
Dubrovačko-neretvanska,Lastovo,općina,Komunalac d.o.o. Lastovo,2024,748,296,,IRDJU 2024 (obrazac nije dostavljen; davatelj iz ROO 2024),
Dubrovačko-neretvanska,Lumbarda,općina,KTD Mindel d.o.o.,2024,1209,412,96575017786,IRDJU 2024 (obrazac dostavljen),
Dubrovačko-neretvanska,Mljet,općina,Komunalno Mljet d.o.o.,2024,1062,486,78985387533,IRDJU 2024 (obrazac dostavljen),
Dubrovačko-neretvanska,Orebić,općina,KTD Bilan d.o.o.,2024,3705,1438,84920906210,IRDJU 2024 (obrazac dostavljen),
Dubrovačko-neretvanska,Pojezerje,općina,GRADSKA ČISTOĆA I USLUGE D.O.O.,2024,943,279,00031138108,IRDJU 2024 (obrazac dostavljen),
Dubrovačko-neretvanska,Slivno,općina,Komunalac Slivno d.o.o.,2024,2046,611,11050979478,IRDJU 2024 (obrazac nije dostavljen; davatelj iz ROO 2024); OIB ispravljen (nije naveden -> 11050979478) prema nazivu,
Dubrovačko-neretvanska,Smokvica,općina,Krublić d.o.o.,2024,868,305,39986921324,IRDJU 2024 (obrazac dostavljen),
Dubrovačko-neretvanska,Ston,općina,Komunalno društvo Ston d.o.o.,2024,2491,807,53342150077,IRDJU 2024 (obrazac nije dostavljen; davatelj iz ROO 2024); OIB ispravljen (nije naveden -> 53342150077) prema nazivu,
Dubrovačko-neretvanska,Trpanj,općina,Komunalno Trpanj d.o.o.,2024,683,286,54389735230,IRDJU 2024 (obrazac dostavljen),
Dubrovačko-neretvanska,Vela Luka,općina,Komunalne djelatnosti d.o.o. (Vela Luka),2024,3772,1496,80457977311,IRDJU 2024 (obrazac dostavljen),
Dubrovačko-neretvanska,Zažablje,općina,ČISTOĆA OPUZEN D.O.O.,2024,553,186,76374489207,IRDJU 2024 (obrazac nije dostavljen; davatelj iz ROO 2024); OIB ispravljen (nije naveden -> 76374489207) prema nazivu,
Dubrovačko-neretvanska,Župa dubrovačka,općina,ČISTOĆA d.o.o. (Dubrovnik),2024,8705,2799,16912997621,IRDJU 2024 (obrazac dostavljen),
Međimurska,Čakovec,grad,Gradsko komunalno poduzeće ČAKOM d.o.o.,2024,27122,9389,14001865632,IRDJU 2024 (obrazac dostavljen),
Međimurska,Mursko Središće,grad,MURS-EKOM d.o.o.,2024,5855,1863,34333795582,IRDJU 2024 (obrazac dostavljen),
Međimurska,Prelog,grad,Gradsko komunalno poduzeće PRE-KOM društvo s ograničenom odgovornošću za obavljanje komunalnih djelatnosti,2024,7027,2247,15704341739,IRDJU 2024 (obrazac dostavljen),
Međimurska,Belica,općina,Gradsko komunalno poduzeće PRE-KOM društvo s ograničenom odgovornošću za obavljanje komunalnih djelatnosti,2024,2822,826,15704341739,IRDJU 2024 (obrazac dostavljen),
Međimurska,Dekanovec,općina,Gradsko komunalno poduzeće PRE-KOM društvo s ograničenom odgovornošću za obavljanje komunalnih djelatnosti,2024,739,218,15704341739,IRDJU 2024 (obrazac dostavljen),
Međimurska,Domašinec,općina,Gradsko komunalno poduzeće PRE-KOM društvo s ograničenom odgovornošću za obavljanje komunalnih djelatnosti,2024,1923,598,15704341739,IRDJU 2024 (obrazac dostavljen),
Međimurska,Donja Dubrava,općina,Gradsko komunalno poduzeće PRE-KOM društvo s ograničenom odgovornošću za obavljanje komunalnih djelatnosti,2024,1658,630,15704341739,IRDJU 2024 (obrazac dostavljen),
Međimurska,Donji Kraljevec,općina,Gradsko komunalno poduzeće PRE-KOM društvo s ograničenom odgovornošću za obavljanje komunalnih djelatnosti,2024,4043,1277,15704341739,IRDJU 2024 (obrazac dostavljen),
Međimurska,Donji Vidovec,općina,Gradsko komunalno poduzeće PRE-KOM društvo s ograničenom odgovornošću za obavljanje komunalnih djelatnosti,2024,1197,407,15704341739,IRDJU 2024 (obrazac dostavljen),
Međimurska,Goričan,općina,Gradsko komunalno poduzeće PRE-KOM društvo s ograničenom odgovornošću za obavljanje komunalnih djelatnosti,2024,2343,757,15704341739,IRDJU 2024 (obrazac dostavljen),
Međimurska,Gornji Mihaljevec,općina,EKO - FLOR PLUS D.O.O.,2024,1740,556,50730247993,IRDJU 2024 (obrazac dostavljen),cjenik (Evidencija 5.10.2026): GKP ČAKOM d.o.o.
Međimurska,Kotoriba,općina,Gradsko komunalno poduzeće PRE-KOM društvo s ograničenom odgovornošću za obavljanje komunalnih djelatnosti,2024,2938,932,15704341739,IRDJU 2024 (obrazac dostavljen),
Međimurska,Mala Subotica,općina,Gradsko komunalno poduzeće ČAKOM d.o.o.,2024,4344,1228,14001865632,IRDJU 2024 (obrazac dostavljen),
Međimurska,Nedelišće,općina,Gradsko komunalno poduzeće ČAKOM d.o.o.,2024,11017,3381,14001865632,IRDJU 2024 (obrazac dostavljen),
Međimurska,Orehovica,općina,Gradsko komunalno poduzeće ČAKOM d.o.o.,2024,2720,719,14001865632,IRDJU 2024 (obrazac dostavljen),
Međimurska,Podturen,općina,Gradsko komunalno poduzeće PRE-KOM društvo s ograničenom odgovornošću za obavljanje komunalnih djelatnosti,2024,3517,1126,15704341739,IRDJU 2024 (obrazac dostavljen),
Međimurska,Pribislavec,općina,Gradsko komunalno poduzeće PRE-KOM društvo s ograničenom odgovornošću za obavljanje komunalnih djelatnosti,2024,2963,826,15704341739,IRDJU 2024 (obrazac dostavljen),
Međimurska,Selnica,općina,MURS-EKOM d.o.o.,2024,2636,864,34333795582,IRDJU 2024 (obrazac dostavljen),
Međimurska,Strahoninec,općina,Gradsko komunalno poduzeće ČAKOM d.o.o.,2024,2598,825,14001865632,IRDJU 2024 (obrazac dostavljen),
Međimurska,Sveta Marija,općina,Gradsko komunalno poduzeće PRE-KOM društvo s ograničenom odgovornošću za obavljanje komunalnih djelatnosti,2024,1990,664,15704341739,IRDJU 2024 (obrazac dostavljen),
Međimurska,Sveti Juraj na Bregu,općina,MULL-TRANS d.o.o.,2024,4929,1584,81751042446,IRDJU 2024 (obrazac dostavljen),
Međimurska,Sveti Martin na Muri,općina,MURS-EKOM d.o.o.,2024,2391,797,34333795582,IRDJU 2024 (obrazac dostavljen),
Međimurska,Šenkovec,općina,Gradsko komunalno poduzeće ČAKOM d.o.o.,2024,2708,885,14001865632,IRDJU 2024 (obrazac dostavljen),
Međimurska,Štrigova,općina,Gradsko komunalno poduzeće ČAKOM d.o.o.,2024,2357,801,14001865632,IRDJU 2024 (obrazac dostavljen),
Međimurska,Vratišinec,općina,MURS-EKOM d.o.o.,2024,1673,531,34333795582,IRDJU 2024 (obrazac dostavljen),
Grad Zagreb,Zagreb,grad,"ZAGREBAČKI HOLDING D.O.O., PODRUŽNICA ČISTOĆA",2024,767131,300329,85584865987,IRDJU 2024 (obrazac dostavljen),
