zupanija,jls,stanovnika,davatelj_registry,oib_registry,davatelj_cjenik_2026,cjenik_2026_razlicit,davatelj_dodjela_2026,dodjela_2026_razlicit,davatelj_2022,r2022_razlicit
Zagrebačka,Dugo Selo,17676,Dugoselski komunalni i poduzetnički centar d.o.o.,11993410316,DUGOSELSKI KOMUNALNI I PODUZETNIČKI CENTAR d.o.o.,NE,,,Dugoselski komunalni i poduzetnički centar d.o.o. [11993410316],NE
Zagrebačka,Ivanić-Grad,12982,Ivakop d.o.o.,34845090946,IVAKOP d.o.o.,NE,,,Ivakop d.o.o. [34845090946],NE
Zagrebačka,Jastrebarsko,14562,EKO - FLOR PLUS D.O.O.,50730247993,MULL-TRANS d.o.o.,DA,,,Eko-flor plus d.o.o. [50730247993],NE
Zagrebačka,Samobor,37435,Komunalac d.o.o. (Samobor),17055681355,KOMUNALAC D.O.O. SAMOBOR,NE,,,Komunalac d.o.o. [17055681355],NE
Zagrebačka,Sveta Nedelja,18221,MULL-TRANS d.o.o.,81751042446,MULL-TRANS d.o.o.,NE,Mull-Trans d.o.o. / Reoma grupa d.o.o. [81751042446] od 01.06.2022.,NE,Mull-trans d.o.o. [81751042446],NE
Zagrebačka,Sveti Ivan Zelina,14602,ZELINSKE KOMUNALIJE D.O.O.,55460105464,ZELINSKE KOMUNALIJE d.o.o.,NE,,,Zelinske komunalije d.o.o. [55460105464],NE
Zagrebačka,Velika Gorica,61075,VG Čistoća d.o.o.,23915011506,VG Čistoća d.o.o.,NE,,,VG Čistoća d.o.o. [23915011506],NE
Zagrebačka,Vrbovec,12981,Komunalac Vrbovec d.o.o.,01537106865,KOMUNALAC VRBOVEC d.o.o.,NE,,,Komunalac Vrbovec d.o.o. [1537106865],NE
Zagrebačka,Zaprešić,24133,ZAPREŠIĆ d.o.o. za obavljanje komunalnih djelatnosti,96412232479,ZAPREŠIĆ d.o.o.,NE,,,Zaprešić d.o.o. [96412232479],NE
Zagrebačka,Bedenica,1266,EKO - FLOR PLUS D.O.O.,50730247993,EKO-FLOR PLUS d.o.o.,NE,,,Eko-flor plus d.o.o. [50730247993],NE
Zagrebačka,Bistra,6444,ZAPREŠIĆ d.o.o. za obavljanje komunalnih djelatnosti,96412232479,ZAPREŠIĆ d.o.o.,NE,,,Zaprešić d.o.o. [96412232479],NE
Zagrebačka,Brckovljani,5876,Komunalac Vrbovec d.o.o.,01537106865,KOMUNALAC VRBOVEC d.o.o.,NE,,,Mull-trans d.o.o. [81751042446],DA
Zagrebačka,Brdovec,10737,ZAPREŠIĆ d.o.o. za obavljanje komunalnih djelatnosti,96412232479,ZAPREŠIĆ d.o.o.,NE,,,Zaprešić d.o.o. [96412232479],NE
Zagrebačka,Dubrava,4520,Komunalac Vrbovec d.o.o. | EKO - FLOR PLUS D.O.O.,01537106865 | 50730247993,KOMUNALAC VRBOVEC d.o.o.,NE,Komunalac Vrbovec d.o.o. [1537106865] od 6.11.2024.,NE,Eko-flor plus d.o.o. [50730247993],NE
Zagrebačka,Dubravica,1192,ZAPREŠIĆ d.o.o. za obavljanje komunalnih djelatnosti,96412232479,ZAPREŠIĆ d.o.o.,NE,,,Zaprešić d.o.o. [96412232479],NE
Zagrebačka,Farkaševac,1562,EKO - FLOR PLUS D.O.O.,50730247993,KOMUNALAC VRBOVEC d.o.o.,DA,,,Eko-flor plus d.o.o. [50730247993],NE
Zagrebačka,Gradec,3189,Komunalac Vrbovec d.o.o.,01537106865,KOMUNALAC VRBOVEC d.o.o.,NE,,,Komunalac Vrbovec d.o.o. [1537106865],NE
Zagrebačka,Jakovlje,3797,EKO - FLOR PLUS D.O.O.,50730247993,EKO FLOR PLUS d.o.o.,NE,,,Eko-flor plus d.o.o. [50730247993],NE
Zagrebačka,Klinča Sela,5044,EKO - FLOR PLUS D.O.O.,50730247993,EKO FLOR PLUS d.o.o.,NE,,,Eko-flor plus d.o.o. [50730247993],NE
Zagrebačka,Kloštar Ivanić,5523,Ivakop d.o.o.,34845090946,IVAKOP d.o.o.,NE,,,Ivakop d.o.o. [34845090946],NE
Zagrebačka,Krašić,2250,EKO - FLOR PLUS D.O.O.,50730247993,EKO FLOR PLUS d.o.o.,NE,,,Eko-flor plus d.o.o. [50730247993],NE
Zagrebačka,Kravarsko,1824,VG Čistoća d.o.o.,23915011506,VG Čistoća d.o.o.,NE,,,VG Čistoća d.o.o. [23915011506],NE
Zagrebačka,Križ,6098,Ivakop d.o.o.,34845090946,IVAKOP d.o.o.,NE,,,Ivakop d.o.o. [34845090946],NE
Zagrebačka,Luka,1265,ZAPREŠIĆ d.o.o. za obavljanje komunalnih djelatnosti,96412232479,ZAPREŠIĆ d.o.o.,NE,,,Zaprešić d.o.o. [96412232479],NE
Zagrebačka,Marija Gorica,2094,ZAPREŠIĆ d.o.o. za obavljanje komunalnih djelatnosti,96412232479,ZAPREŠIĆ d.o.o.,NE,,,Zaprešić d.o.o. [96412232479],NE
Zagrebačka,Orle,1765,VG Čistoća d.o.o.,23915011506,VG Čistoća d.o.o.,NE,,,VG Čistoća d.o.o. [23915011506],NE
Zagrebačka,Pisarovina,3484,EKO - FLOR PLUS D.O.O.,50730247993,MULL-TRANS d.o.o.,DA,Mull-trans d.o.o. [81751042466] od 1.2.2026.,DA,Eko-flor plus d.o.o. [50730247993],NE
Zagrebačka,Pokupsko,1926,VG Čistoća d.o.o.,23915011506,VG Čistoća d.o.o.,NE,,,VG Čistoća d.o.o. [23915011506],NE
Zagrebačka,Preseka,1129,Komunalac Vrbovec d.o.o.,01537106865,KOMUNALAC VRBOVEC d.o.o.,NE,,,Komunalac Vrbovec d.o.o. [1537106865],NE
Zagrebačka,Pušća,2564,ZAPREŠIĆ d.o.o. za obavljanje komunalnih djelatnosti,96412232479,ZAPREŠIĆ d.o.o.,NE,,,Zaprešić d.o.o. [96412232479],NE
Zagrebačka,Rakovec,1141,EKO - FLOR PLUS D.O.O. | Komunalac Vrbovec d.o.o.,50730247993 | 01537106865,KOMUNALAC VRBOVEC d.o.o.,NE,Komunalac Vrbovec d.o.o. [1537106865] od 14.11.2024.,NE,Eko-flor plus d.o.o. [50730247993],NE
Zagrebačka,Rugvica,7133,EKO - FLOR PLUS D.O.O.,50730247993,EKO-FLOR PLUS d.o.o.,NE,,,Eko-flor plus d.o.o. [50730247993],NE
Zagrebačka,Stupnik,3886,EKO - FLOR PLUS D.O.O.,50730247993,EKO-FLOR PLUS d.o.o.,NE,,,Eko-flor plus d.o.o. [50730247993],NE
Zagrebačka,Žumberak,609,EKO - FLOR PLUS D.O.O.,50730247993,EKO-FLOR PLUS d.o.o.,NE,,,Eko-flor plus d.o.o. [50730247993],NE
Krapinsko-zagorska,Donja Stubica,5326,EKO - FLOR PLUS D.O.O.,50730247993,,,,,Eko-flor plus d.o.o. [50730247993],NE
Krapinsko-zagorska,Klanjec,2548,Zelenjak d.o.o.,83090331136,ZELENJAK d.o.o.,NE,Zelenjak d.o.o. [83090332236] od 10.02.2022.,NE,Zelenjak d.o.o. [83090331136],NE
Krapinsko-zagorska,Krapina,11530,"KRAKOM, društvo s ograničenom odgovornošću za obavljanje komunalnih usluga",18804286885,KRAKOM d.o.o.,NE,Krakom d.o.o. [18804286885] od 24.02.2022.,NE,Krakom d.o.o. [18804286885],NE
Krapinsko-zagorska,Oroslavje,5834,EKO - FLOR PLUS D.O.O.,50730247993,MULL-TRANS d.o.o.,DA,,,Eko-flor plus d.o.o. [50730247993],NE
Krapinsko-zagorska,Pregrada,5927,EKO - FLOR PLUS D.O.O.,50730247993,EKO-FLOR PLUS d.o.o.,NE,,,Eko-flor plus d.o.o. [50730247993],NE
Krapinsko-zagorska,Zabok,8656,KOMUNALNO-ZABOK D.O.O.,31174430130,KOMUNALNO-ZABOK d.o.o.,NE,Komunalno-Zabok d.o.o. [31174430130] od 23.09.2023.,NE,Komunalno-Zabok d.o.o. [31174430130],NE
Krapinsko-zagorska,Zlatar,5574,KOMUNALAC KONJŠČINA d.o.o.,04274608715,KOMUNALAC KONJŠČINA d.o.o.,NE,Komunalac Konjšćina d.o.o. [4274608715] od 02.03.2022.,NE,Komunalac Konjščina d.o.o. [4274608715],NE
Krapinsko-zagorska,Bedekovčina,7340,KOMUNALNO-ZABOK D.O.O.,31174430130,KOMUNALNO-ZABOK d.o.o.,NE,,,Komunalno-Zabok d.o.o. [31174430130],NE
Krapinsko-zagorska,Budinščina,2182,KOMUNALAC KONJŠČINA d.o.o.,04274608715,KOMUNALAC KONJŠČINA d.o.o.,NE,,,Komunalac Konjščina d.o.o. [4274608715],NE
Krapinsko-zagorska,Desinić,2530,Zelenjak d.o.o.,83090331136,ZELENJAK d.o.o.,NE,,,Zelenjak d.o.o. [83090331136],NE
Krapinsko-zagorska,Đurmanec,3781,"KRAKOM, društvo s ograničenom odgovornošću za obavljanje komunalnih usluga",18804286885,KRAKOM d.o.o.,NE,,,Krakom d.o.o. [18804286885],NE
Krapinsko-zagorska,Gornja Stubica,4622,EKO - FLOR PLUS D.O.O.,50730247993,EKO-FLOR PLUS d.o.o.,NE,,,Eko-flor plus d.o.o. [50730247993],NE
Krapinsko-zagorska,Hrašćina,1388,KOMUNALAC KONJŠČINA d.o.o.,04274608715,KOMUNALAC KONJŠČINA d.o.o.,NE,,,Komunalac Konjščina d.o.o. [4274608715],NE
Krapinsko-zagorska,Hum na Sutli,4592,HUMKOM d.o.o.,21695347230,HUMKOM d.o.o.,NE,,,Humkom d.o.o. [21695347230],NE
Krapinsko-zagorska,Jesenje,1371,"KRAKOM, društvo s ograničenom odgovornošću za obavljanje komunalnih usluga",18804286885,KRAKOM d.o.o.,NE,,,Krakom d.o.o. [18804286885],NE
Krapinsko-zagorska,Konjščina,3308,KOMUNALAC KONJŠČINA d.o.o.,04274608715,KOMUNALAC KONJŠČINA d.o.o.,NE,Komunalac Konjšćina d.o.o. [4274608715] od 15.02.2022.,NE,Komunalac Konjščina d.o.o. [4274608715],NE
Krapinsko-zagorska,Kraljevec na Sutli,1591,Zelenjak d.o.o.,83090331136,ZELENJAK d.o.o.,NE,,,Zelenjak d.o.o. [83090331136],NE
Krapinsko-zagorska,Krapinske Toplice,4827,EKO - FLOR PLUS D.O.O.,50730247993,MULL-TRANS d.o.o.,DA,Mull-trans d.o.o. [81751042446] od 31.10.2025.,DA,Eko-flor plus d.o.o. [50730247993],NE
Krapinsko-zagorska,Kumrovec,1412,Zelenjak d.o.o.,83090331136,ZELENJAK d.o.o.,NE,,,Zelenjak d.o.o. [83090331136],NE
Krapinsko-zagorska,Lobor,2703,KOMUNALAC KONJŠČINA d.o.o.,04274608715,KOMUNALAC KONJŠČINA d.o.o.,NE,,,Komunalac Konjščina d.o.o. [4274608715],NE
Krapinsko-zagorska,Mače,2258,KOMUNALAC KONJŠČINA d.o.o.,04274608715,KOMUNALAC KONJŠČINA d.o.o.,NE,,,Komunalac Konjščina d.o.o. [4274608715],NE
Krapinsko-zagorska,Marija Bistrica,5553,Lijepa Bistrica d.o.o.,82413603496,LIJEPA BISTRICA d.o.o.,NE,,,Lijepa Bistrica d.o.o. [82413603496],NE
Krapinsko-zagorska,Mihovljan,1677,EKO - FLOR PLUS D.O.O.,50730247993,MULL-TRANS d.o.o.,DA,,,Eko-flor plus d.o.o. [50730247993],NE
Krapinsko-zagorska,Novi Golubovec,824,KOMUNALAC KONJŠČINA d.o.o.,04274608715,KOMUNALAC KONJŠČINA d.o.o.,NE,,,Komunalac Konjščina d.o.o. [4274608715],NE
Krapinsko-zagorska,Petrovsko,2270,"KRAKOM, društvo s ograničenom odgovornošću za obavljanje komunalnih usluga",18804286885,KRAKOM d.o.o.,NE,,,Krakom d.o.o. [18804286885],NE
Krapinsko-zagorska,Radoboj,2981,"KRAKOM, društvo s ograničenom odgovornošću za obavljanje komunalnih usluga",18804286885,KRAKOM d.o.o.,NE,,,Krakom d.o.o. [18804286885],NE
Krapinsko-zagorska,Stubičke Toplice,2740,EKO - FLOR PLUS D.O.O.,50730247993,EKO-FLOR PLUS d.o.o.,NE,,,Eko-flor plus d.o.o. [50730247993],NE
Krapinsko-zagorska,Sveti Križ Začretje,5659,EKO - FLOR PLUS D.O.O.,50730247993,EKO-FLOR PLUS d.o.o.,NE,,,Eko-flor plus d.o.o. [50730247993],NE
Krapinsko-zagorska,Tuhelj,2043,Zelenjak d.o.o.,83090331136,ZELENJAK d.o.o.,NE,,,Zelenjak d.o.o. [83090331136],NE
Krapinsko-zagorska,Veliko Trgovišće,4448,EKO - FLOR PLUS D.O.O.,50730247993,MULL-TRANS d.o.o.,DA,,,Eko-flor plus d.o.o. [50730247993],NE
Krapinsko-zagorska,Zagorska Sela,899,Zelenjak d.o.o.,83090331136,ZELENJAK d.o.o.,NE,,,Zelenjak d.o.o. [83090331136],NE
Krapinsko-zagorska,Zlatar Bistrica,2308,KOMUNALAC KONJŠČINA d.o.o.,04274608715,KOMUNALAC KONJŠČINA d.o.o.,NE,,,Komunalac Konjščina d.o.o. [4274608715],NE
Sisačko-moslavačka,Glina,7116,KOMUNALAC GLINA d.o.o. za komunalne djelatnosti,89700668436,KOMUNALAC GLINA d.o.o.,NE,,,Komunalac Glina d.o.o. [89700668436],NE
Sisačko-moslavačka,Hrvatska Kostajnica,1879,"Ekos Hrvatska Kostajnica d.o.o., za komunalne usluge",43667810039,EKOS HRVATSKA KOSTAJNICA d.o.o.,NE,,,Ekos Hrvatska Kostajnica d.o.o. [43667810039],NE
Sisačko-moslavačka,Kutina,19601,Eko Moslavina d.o.o. za komunalno gospodarstvo,94887300369,EKO MOSLAVINA d.o.o.,NE,,,Eko Moslavina d.o.o. [94887300369],NE
Sisačko-moslavačka,Novska,11137,Novokom d.o.o. (Novska),29659371749,NOVOKOM d.o.o.,NE,,,NOVOKOM d.o.o. [29659371749],NE
Sisačko-moslavačka,Petrinja,19950,Komunalac Petrinja d.o.o.,53696178845,KOMUNALAC PETRINJA d.o.o.,NE,,,Komunalac Petrinja d.o.o. [53696178845],NE
Sisačko-moslavačka,Popovača,10255,KOMUNALNI SERVISI POPOVAČA D.O.O.,70710430454,KOMUNALNI SERVISI POPOVAČA d.o.o.,NE,,,Komunalni servis Popovača d.o.o. [70710430454],NE
Sisačko-moslavačka,Sisak,40121,GOSPODARENJE OTPADOM SISAK d.o.o.,25388753075,GOSPODARENJE OTPADOM SISAK d.o.o.,NE,,,Gospodarenje otpadom Sisak d.o.o. [25388753075],NE
Sisačko-moslavačka,Donji Kukuruzari,1080,Komunalac Petrinja d.o.o.,53696178845,,,,,Komunalac Petrinja d.o.o. [53696178845],NE
Sisačko-moslavačka,Dvor,2996,DVORKOM D.O.O.,39548678448,DVORKOM d.o.o.,NE,,,Dvorkom d.o.o. [39548678448],NE
Sisačko-moslavačka,Gvozd,2047,KOMUNALNO TOPUSKO D.O.O.,47945293196,KOMUNALNO TOPUSKO d.o.o.,NE,,,Komunalno Topusko d.o.o. [47945293196],NE
Sisačko-moslavačka,Hrvatska Dubica,1462,KOMUNALAC d.o.o. (Hrvatska Dubica),88124811471,KOMUNALAC d.o.o. HRVATSKA DUBICA,NE,,,Komunalac d.o.o. [88124811471],NE
Sisačko-moslavačka,Jasenovac,1559,Komunalni servisi Jasenovac d.o.o.,36102170664,,,,,Komunalni servisi Jasenovac d.o.o. [36102170664],NE
Sisačko-moslavačka,Lekenik,5343,GOSPODARENJE OTPADOM SISAK d.o.o.,25388753075,GOSPODARENJE OTPADOM SISAK d.o.o.,NE,,,Gospodarenje otpadom Sisak d.o.o. [25388753075],NE
Sisačko-moslavačka,Lipovljani,2807,LIPKOM SERVISI d.o.o,16699656965,LIPKOM SERVISI d.o.o.,NE,Lipkom Servisi d.o.o. [16699656965] od 08.02.2022.,NE,Lipkom servisi d.o.o. [16699656965],NE
Sisačko-moslavačka,Majur,760,Komunalac Petrinja d.o.o.,53696178845,,,,,Komunalac Petrinja d.o.o. [53696178845],NE
Sisačko-moslavačka,Martinska Ves,2861,GOSPODARENJE OTPADOM SISAK d.o.o.,25388753075,GOSPODARENJE OTPADOM SISAK d.o.o.,NE,,,Gospodarenje otpadom Sisak d.o.o. [25388753075],NE
Sisačko-moslavačka,Sunja,4124,GOSPODARENJE OTPADOM SISAK d.o.o.,25388753075,GOSPODARENJE OTPADOM SISAK d.o.o.,NE,,,Gospodarenje otpadom Sisak d.o.o. [25388753075],NE
Sisačko-moslavačka,Topusko,2222,KOMUNALNO TOPUSKO D.O.O.,47945293196,KOMUNALNO TOPUSKO d.o.o.,NE,,,Komunalno Topusko d.o.o. [47945293196],NE
Sisačko-moslavačka,Velika Ludina,2283,Eko Moslavina d.o.o. za komunalno gospodarstvo,94887300369,EKO MOSLAVINA d.o.o.,NE,,,Eko Moslavina d.o.o. [94887300369],NE
Karlovačka,Duga Resa,10212,ČISTOĆA DUGA RESA D.O.O.,22543506354,ČISTOĆA DUGA RESA d.o.o.,NE,,,Čistoća Duga Resa d.o.o. [22543506354],NE
Karlovačka,Karlovac,49377,Čistoća d.o.o. Karlovac,70467048139,ČISTOĆA d.o.o. KARLOVAC,NE,,,Čistoća d.o.o. Karlovac [70467048139],NE
Karlovačka,Ogulin,12246,Stambeno komunalno gospodarstvo d.o.o. Ogulin,26211106548,STAMBENO KOMUNALNO GOSPODARSTVO d.o.o.,NE,,,Stambeno komunalno gospodarstvo d.o.o. [26211106548],NE
Karlovačka,Ozalj,5837,Azelija eko d.o.o.,48386413757,AZELIJA EKO d.o.o.,NE,,,Azelija eko d.o.o. [48386413757],NE
Karlovačka,Slunj,4224,KOMUNALNO DRUŠTVO LIPA D.O.O.,10731123787,KOMUNALNO DRUŠTVO LIPA d.o.o.,NE,,,Komunalno društvo Lipa d.o.o. [10731123787],NE
Karlovačka,Barilović,2673,Srnar d.o.o.,74751310755,ČISTOĆA DUGA RESA d.o.o.,DA,,,Srnar d.o.o. [74751310755],NE
Karlovačka,Bosiljevo,1040,EKO - FLOR PLUS D.O.O.,50730247993,EKO-FLOR PLUS d.o.o.,NE,,,Eko-flor plus d.o.o. [50730247993],NE
Karlovačka,Cetingrad,1491,Vojnić komunalac d.o.o.,34803293727,VOJNIĆ KOMUNALAC d.o.o.,NE,Vojnić komunalac d.o.o. [34803293727] od ,NE,Vojnić komunalac d.o.o. [34803293727],NE
Karlovačka,Draganić,2541,EKO - FLOR PLUS D.O.O.,50730247993,,,,,Čistoća d.o.o. Karlovac [70467048139],DA
Karlovačka,Generalski Stol,2171,ČISTOĆA DUGA RESA D.O.O.,22543506354,ČISTOĆA DUGA RESA d.o.o.,NE,,,Čistoća Duga Resa d.o.o. [22543506354],NE
Karlovačka,Josipdol,3419,Komunalno Josipdol d.o.o.,46426033985,KOMUNALNO JOSIPDOL d.o.o.,NE,,,Komunalno Josipdol d.o.o. [46426033985],NE
Karlovačka,Kamanje,827,Azelija eko d.o.o.,48386413757,AZELIJA EKO d.o.o.,NE,,,Azelija eko d.o.o. [48386413757],NE
Karlovačka,Krnjak,1332,Krnjak Komunalac d.o.o. za komunelne djelatnosti,27469924706,KRNJAK KOMUNALAC d.o.o.,NE,,,Krnjak Komunalac d.o.o. [27469924706],NE
Karlovačka,Lasinja,1322,EKO - FLOR PLUS D.O.O.,50730247993,VOJNIĆ KOMUNALAC d.o.o.,DA,Vojnić Komunalac d.o.o. [34803293727] od 20.9.2025.,DA,Eko-flor plus d.o.o. [50730247993],NE
Karlovačka,Netretić,2439,ČISTOĆA DUGA RESA D.O.O.,22543506354,ČISTOĆA DUGA RESA d.o.o.,NE,,,Čistoća Duga Resa d.o.o. [22543506354],NE
Karlovačka,Plaški,1650,Plaški KOM d.o.o.,23563353551,PLAŠKI KOM d.o.o.,NE,,,Plaški kom d.o.o. [23563353551],NE
Karlovačka,Rakovica,2230,Rakovica d.o.o,46676649670,RAKOVICA d.o.o.,NE,,,Rakovica d.o.o. [46676649670],NE
Karlovačka,Ribnik,362,Azelija eko d.o.o.,48386413757,AZELIJA EKO d.o.o.,NE,,,Azelija eko d.o.o. [48386413757],NE
Karlovačka,Saborsko,466,Sabkom d.o.o.,09289617248,SABKOM d.o.o.,NE,,,Sabkom d.o.o. [9289617248],NE
Karlovačka,Tounj,1002,Vojnić komunalac d.o.o.,34803293727,VOJNIĆ KOMUNALAC d.o.o.,NE,Vojnić komunalac d.o.o. [34803293727] od ,NE,Eko-flor plus d.o.o. [50730247993],DA
Karlovačka,Vojnić,3602,Vojnić komunalac d.o.o.,34803293727,VOJNIĆ KOMUNALAC d.o.o.,NE,Vojnić komunalac d.o.o. [34803293727] od 16.2.2018.,NE,Vojnić komunalac d.o.o. [34803293727],NE
Karlovačka,Žakanje,1732,Azelija eko d.o.o.,48386413757,AZELIJA EKO d.o.o.,NE,,,Azelija eko d.o.o. [48386413757],NE
Varaždinska,Ivanec,12723,IVKOM d.d.,31407797858,IVKOM d.d.,NE,,,Ivkom d.d. [31407797858],NE
Varaždinska,Lepoglava,6945,IVKOM d.d.,31407797858,IVKOM d.d.,NE,,,Ivkom d.d. [31407797858],NE
Varaždinska,Ludbreg,8477,Lukom d.o.o. za komunalne djelatnosti,29732862130,LUKOM d.o.o.,NE,,,Lukom d.o.o. za komunalne djelatnosti [29732862130],NE
Varaždinska,Novi Marof,11795,NOVOKOM društvo s ograničenom odgovornošću za komunalne djelatnosti (Novi Marof),51899768388,NOVOKOM d.o.o.,NE,Novokom d.o.o. [51899768388] od 09.02.2022.,NE,Novokom d.o.o. [51899768388],NE
Varaždinska,Varaždin,43782,"ČISTOĆA društvo s ograničenom odgovornošću za gospodarenje otpadom, čistoću, proizvodnju i usluge (Varaždin)",02371889218,ČISTOĆA d.o.o. VARAŽDIN,NE,,,Čistoća d.o.o. [2371889218],NE
Varaždinska,Varaždinske Toplice,5537,"ČISTOĆA društvo s ograničenom odgovornošću za gospodarenje otpadom, čistoću, proizvodnju i usluge (Varaždin)",02371889218,ČISTOĆA d.o.o. VARAŽDIN,NE,,,Čistoća d.o.o. [2371889218],NE
Varaždinska,Bednja,3389,IVKOM d.d.,31407797858,IVKOM d.d.,NE,,,Ivkom d.d. [31407797858],NE
Varaždinska,Beretinec,2049,"ČISTOĆA društvo s ograničenom odgovornošću za gospodarenje otpadom, čistoću, proizvodnju i usluge (Varaždin)",02371889218,ČISTOĆA d.o.o. VARAŽDIN,NE,,,Čistoća d.o.o. [2371889218],NE
Varaždinska,Breznica,1970,EKO - FLOR PLUS D.O.O.,50730247993,EKO-FLOR PLUS d.o.o.,NE,,,Eko-flor plus d.o.o. [50730247993],NE
Varaždinska,Breznički Hum,1132,"ČISTOĆA društvo s ograničenom odgovornošću za gospodarenje otpadom, čistoću, proizvodnju i usluge (Varaždin)",02371889218,ČISTOĆA d.o.o. VARAŽDIN,NE,,,Čistoća d.o.o. [2371889218],NE
Varaždinska,Cestica,5425,"ČISTOĆA društvo s ograničenom odgovornošću za gospodarenje otpadom, čistoću, proizvodnju i usluge (Varaždin)",02371889218,ČISTOĆA d.o.o. VARAŽDIN,NE,,,Čistoća d.o.o. [2371889218],NE
Varaždinska,Donja Voća,2030,IVKOM d.d.,31407797858,IVKOM d.d.,NE,,,Ivkom d.d. [31407797858],NE
Varaždinska,Gornji Kneginec,4900,"ČISTOĆA društvo s ograničenom odgovornošću za gospodarenje otpadom, čistoću, proizvodnju i usluge (Varaždin)",02371889218,ČISTOĆA d.o.o. VARAŽDIN,NE,,,Čistoća d.o.o. [2371889218],NE
Varaždinska,Jalžabet,3183,Gradsko komunalno poduzeće PRE-KOM društvo s ograničenom odgovornošću za obavljanje komunalnih djelatnosti,15704341739,GKP PRE-KOM d.o.o.,NE,,,Gradsko komunalno poduzeće PRE-KOM d.o.o. [15704341739],NE
Varaždinska,Klenovnik,1793,IVKOM d.d.,31407797858,IVKOM d.d.,NE,,,Ivkom d.d. [31407797858],NE
Varaždinska,Ljubešćica,1689,NOVOKOM društvo s ograničenom odgovornošću za komunalne djelatnosti (Novi Marof),51899768388,NOVOKOM d.o.o.,NE,,,Novokom d.o.o. [51899768388],NE
Varaždinska,Mali Bukovec,1809,Lukom d.o.o. za komunalne djelatnosti,29732862130,LUKOM d.o.o.,NE,Lukom d.o.o. [29732862130] od 01.10.2021.,NE,Lukom d.o.o. za komunalne djelatnosti [29732862130],NE
Varaždinska,Martijanec,2638,Gradsko komunalno poduzeće PRE-KOM društvo s ograničenom odgovornošću za obavljanje komunalnih djelatnosti,15704341739,GKP PRE-KOM d.o.o.,NE,,,Gradsko komunalno poduzeće PRE-KOM d.o.o. [15704341739],NE
Varaždinska,Maruševec,5682,IVKOM d.d.,31407797858,IVKOM d.d.,NE,,,Ivkom d.d. [31407797858],NE
Varaždinska,Petrijanec,4553,"ČISTOĆA društvo s ograničenom odgovornošću za gospodarenje otpadom, čistoću, proizvodnju i usluge (Varaždin)",02371889218,ČISTOĆA d.o.o. VARAŽDIN,NE,,,Čistoća d.o.o. [2371889218],NE
Varaždinska,Sračinec,4678,"ČISTOĆA društvo s ograničenom odgovornošću za gospodarenje otpadom, čistoću, proizvodnju i usluge (Varaždin)",02371889218,ČISTOĆA d.o.o. VARAŽDIN,NE,,,Čistoća d.o.o. [2371889218],NE
Varaždinska,Sveti Đurđ,3326,"ČISTOĆA društvo s ograničenom odgovornošću za gospodarenje otpadom, čistoću, proizvodnju i usluge (Varaždin)",02371889218,LUKOM d.o.o.,DA,Lukom d.o.o. [29732862130] od 11.2.2025.,DA,Čistoća d.o.o. [2371889218],NE
Varaždinska,Sveti Ilija,3242,"ČISTOĆA društvo s ograničenom odgovornošću za gospodarenje otpadom, čistoću, proizvodnju i usluge (Varaždin)",02371889218,ČISTOĆA d.o.o. VARAŽDIN,NE,,,Čistoća d.o.o. [2371889218],NE
Varaždinska,Trnovec Bartolovečki,6145,"ČISTOĆA društvo s ograničenom odgovornošću za gospodarenje otpadom, čistoću, proizvodnju i usluge (Varaždin)",02371889218,ČISTOĆA d.o.o. VARAŽDIN,NE,,,Čistoća d.o.o. [2371889218],NE
Varaždinska,Veliki Bukovec,1325,Lukom d.o.o. za komunalne djelatnosti,29732862130,LUKOM d.o.o.,NE,Lukom d.o.o. [29732862130] od 20.09.2021.,NE,Lukom d.o.o. za komunalne djelatnosti [29732862130],NE
Varaždinska,Vidovec,4915,"ČISTOĆA društvo s ograničenom odgovornošću za gospodarenje otpadom, čistoću, proizvodnju i usluge (Varaždin)",02371889218,ČISTOĆA d.o.o. VARAŽDIN,NE,,,Čistoća d.o.o. [2371889218],NE
Varaždinska,Vinica,3020,"ČISTOĆA društvo s ograničenom odgovornošću za gospodarenje otpadom, čistoću, proizvodnju i usluge (Varaždin)",02371889218,ČISTOĆA d.o.o. VARAŽDIN,NE,,,Čistoća d.o.o. [2371889218],NE
Varaždinska,Visoko,1335,Općina Visoko,91710475046,BABIĆ d.o.o.,DA,,,Babić d.o.o. [53703886646],DA
Koprivničko-križevačka,Đurđevac,7378,Komunalne usluge Đurđevac d.o.o.,69864803750,KOMUNALNE USLUGE ĐURĐEVAC d.o.o.,NE,,,Komunalne usluge Đurđevac d.o.o. [69864803750],NE
Koprivničko-križevačka,Koprivnica,28580,Komunalac d.o.o. (Koprivnica),41412434130,GKP KOMUNALAC d.o.o. KOPRIVNICA,NE,Komunalac d.o.o. Koprivnica [41412434130] od 09.02.2022.,NE,Komunalac d.o.o. [41412434130],NE
Koprivničko-križevačka,Križevci,18949,Komunalno poduzeće Križevci d.o.o.,87214344239,KOMUNALNO PODUZEĆE d.o.o. KRIŽEVCI,NE,,,Komunalno poduzeće d.o.o. [87214344239],NE
Koprivničko-križevačka,Drnje,1533,Komunalac d.o.o. (Koprivnica),41412434130,GKP KOMUNALAC d.o.o. KOPRIVNICA,NE,Komunalac d.o.o. Koprivnica [41412434130] od 10.02.2022.,NE,Komunalac d.o.o. [41412434130],NE
Koprivničko-križevačka,Đelekovec,1281,Komunalac d.o.o. (Koprivnica),41412434130,GKP KOMUNALAC d.o.o. KOPRIVNICA,NE,,,Komunalac d.o.o. [41412434130],NE
Koprivničko-križevačka,Ferdinandovac,1415,DRAVA KOM d.o.o.,76436491875,DRAVA KOM d.o.o.,NE,,,Drava Kom d.o.o. [76436491875],NE
Koprivničko-križevačka,Gola,2078,DRAVA KOM d.o.o.,76436491875,DRAVA KOM d.o.o.,NE,,,Drava Kom d.o.o. [76436491875],NE
Koprivničko-križevačka,Gornja Rijeka,1559,Komunalno poduzeće Križevci d.o.o.,87214344239,KOMUNALNO PODUZEĆE d.o.o. KRIŽEVCI,NE,,,Komunalno poduzeće d.o.o. [87214344239],NE
Koprivničko-križevačka,Hlebine,1180,DRAVA KOM d.o.o.,76436491875,DRAVA KOM d.o.o.,NE,,,Drava Kom d.o.o. [76436491875],NE
Koprivničko-križevačka,Kalinovac,1297,DRAVA KOM d.o.o.,76436491875,DRAVA KOM d.o.o.,NE,Drava Kom d.o.o. [76436491875] od 26.04.2022.,NE,Drava Kom d.o.o [76436491875],NE
Koprivničko-križevačka,Kalnik,1154,Komunalno poduzeće Križevci d.o.o.,87214344239,KOMUNALNO PODUZEĆE d.o.o. KRIŽEVCI,NE,,,Komunalno poduzeće d.o.o. [87214344239],NE
Koprivničko-križevačka,Kloštar Podravski,2749,DRAVA KOM d.o.o.,76436491875,DRAVA KOM d.o.o.,NE,,,Drava Kom d.o.o. [76436491875],NE
Koprivničko-križevačka,Koprivnički Bregi,1968,Komunalac d.o.o. (Koprivnica),41412434130,GKP KOMUNALAC d.o.o. KOPRIVNICA,NE,,,Komunalac d.o.o. [41412434130],NE
Koprivničko-križevačka,Koprivnički Ivanec,1798,Komunalac d.o.o. (Koprivnica),41412434130,GKP KOMUNALAC d.o.o. KOPRIVNICA,NE,Komunalac d.o.o. Koprivnica [41412434130] od 10.02.2022.,NE,Komunalac d.o.o. [41412434130],NE
Koprivničko-križevačka,Legrad,1916,Komunalac d.o.o. (Koprivnica),41412434130,GKP KOMUNALAC d.o.o. KOPRIVNICA,NE,,,Komunalac d.o.o. [41412434130],NE
Koprivničko-križevačka,Molve,1767,DRAVA KOM d.o.o.,76436491875,DRAVA KOM d.o.o.,NE,,,Drava Kom d.o.o. [76436491875],NE
Koprivničko-križevačka,Novigrad Podravski,2300,Komunalac d.o.o. (Koprivnica),41412434130,GKP KOMUNALAC d.o.o. KOPRIVNICA,NE,,,Komunalac d.o.o. [41412434130],NE
Koprivničko-križevačka,Novo Virje,1026,DRAVA KOM d.o.o.,76436491875,DRAVA KOM d.o.o.,NE,,,Drava Kom d.o.o. [76436491875],NE
Koprivničko-križevačka,Peteranec,2300,Komunalac d.o.o. (Koprivnica),41412434130,GKP KOMUNALAC d.o.o. KOPRIVNICA,NE,Komunalac d.o.o. Koprivnica [41412434130] od 25.04.2022.,NE,Komunalac d.o.o. [41412434130],NE
Koprivničko-križevačka,Podravske Sesvete,1446,DRAVA KOM d.o.o.,76436491875,DRAVA KOM d.o.o.,NE,,,Drava Kom d.o.o. [76436491875],NE
Koprivničko-križevačka,Rasinja,2631,DRAVA KOM d.o.o.,76436491875,DRAVA KOM d.o.o.,NE,,,Drava Kom d.o.o. [76436491875],NE
Koprivničko-križevačka,Sokolovac,2789,Komunalac d.o.o. (Koprivnica),41412434130,GKP KOMUNALAC d.o.o. KOPRIVNICA,NE,,,Komunalac d.o.o. [41412434130],NE
Koprivničko-križevačka,Sveti Ivan Žabno,4343,Komunalno poduzeće Križevci d.o.o.,87214344239,KOMUNALNO PODUZEĆE d.o.o. KRIŽEVCI,NE,,,Komunalno poduzeće d.o.o. [87214344239],NE
Koprivničko-križevačka,Sveti Petar Orehovec,3942,Komunalno poduzeće Križevci d.o.o.,87214344239,KOMUNALNO PODUZEĆE d.o.o. KRIŽEVCI,NE,,,Komunalno poduzeće d.o.o. [87214344239],NE
Koprivničko-križevačka,Virje,3842,DRAVA KOM d.o.o.,76436491875,DRAVA KOM d.o.o.,NE,,,Drava Kom d.o.o. [76436491875],NE
Bjelovarsko-bilogorska,Bjelovar,36316,Komunalac d.o.o. (Bjelovar),27962400486,KOMUNALAC d.o.o. BJELOVAR,NE,Komunalac d.o.o. Bjelovar [27962400486] od 27.01.2022.,NE,Komunalac d.o.o. [27962400486],NE
Bjelovarsko-bilogorska,Čazma,6930,KOMUNALIJE d.o.o.,88859295468,,,,,Komunalije d.o.o. [88859295468],NE
Bjelovarsko-bilogorska,Daruvar,10105,Darkom d.o.o. za komunalnu djelatnost,51300447787,DARKOM d.o.o.,NE,,,Darkom d.o.o. za komunalnu djelatnost [51300447787],NE
Bjelovarsko-bilogorska,Garešnica,8624,Komunalac d.o.o. (Garešnica),27917254847,KOMUNALAC d.o.o. GAREŠNICA,NE,,,Komunalac d.o.o. [27917254847],NE
Bjelovarsko-bilogorska,Grubišno Polje,5367,Komunalac d.o.o. Grubišno Polje,71895953297,KOMUNALAC d.o.o. GRUBIŠNO POLJE,NE,Komunalac d.o.o. Grubišno Polje [71895953297] od 08.02.2018.,NE,Komunalac d.o.o. Grubišno Polje [71895953297],NE
Bjelovarsko-bilogorska,Berek,1106,Komunalac d.o.o. (Garešnica),27917254847,KOMUNALAC d.o.o. GAREŠNICA,NE,,,Komunalac d.o.o. [27917254847],NE
Bjelovarsko-bilogorska,Dežanovac,1978,Darkom d.o.o. za komunalnu djelatnost,51300447787,DARKOM d.o.o.,NE,,,Darkom d.o.o. za komunalnu djelatnost [51300447787],NE
Bjelovarsko-bilogorska,Đulovac,2772,Darkom d.o.o. za komunalnu djelatnost,51300447787,DARKOM d.o.o.,NE,,,Darkom d.o.o. za komunalnu djelatnost [51300447787],NE
Bjelovarsko-bilogorska,Hercegovac,1910,Komunalac d.o.o. (Garešnica),27917254847,KOMUNALAC d.o.o. GAREŠNICA,NE,,,Komunalac d.o.o. [27917254847],NE
Bjelovarsko-bilogorska,Ivanska,2256,Ivankom j.d.o.o.,27710685080,IVANKOM j.d.o.o.,NE,,,Ivankom j.d.o.o. [27710685080],NE
Bjelovarsko-bilogorska,Kapela,2367,Komunalac d.o.o. (Bjelovar),27962400486,KOMUNALAC d.o.o. BJELOVAR,NE,Komunalac d.o.o. Bjelovar [27962400486] od 04.01.2022.,NE,Komunalac d.o.o. [27962400486],NE
Bjelovarsko-bilogorska,Končanica,1805,Darkom d.o.o. za komunalnu djelatnost,51300447787,DARKOM d.o.o.,NE,,,Darkom d.o.o. za komunalnu djelatnost [51300447787],NE
Bjelovarsko-bilogorska,Nova Rača,2756,Komunalac d.o.o. (Bjelovar),27962400486,KOMUNALAC d.o.o. BJELOVAR,NE,,,Komunalac d.o.o. [27962400486],NE
Bjelovarsko-bilogorska,Rovišće,4144,Komunalac d.o.o. (Bjelovar),27962400486,KOMUNALAC d.o.o. BJELOVAR,NE,,,Komunalac d.o.o. [27962400486],NE
Bjelovarsko-bilogorska,Severin,702,Komunalac d.o.o. (Bjelovar),27962400486,KOMUNALAC d.o.o. BJELOVAR,NE,Komunalac d.o.o. Bjelovar [27962400486] od 01.04.2022.,NE,Komunalac d.o.o. [27962400486],NE
Bjelovarsko-bilogorska,Sirač,1796,Darkom d.o.o. za komunalnu djelatnost,51300447787,DARKOM d.o.o.,NE,,,Darkom d.o.o. za komunalnu djelatnost [51300447787],NE
Bjelovarsko-bilogorska,Šandrovac,1411,Komunalac d.o.o. (Bjelovar),27962400486,KOMUNALAC d.o.o. BJELOVAR,NE,,,Komunalac d.o.o. [27962400486],NE
Bjelovarsko-bilogorska,Štefanje,1688,EKO - FLOR PLUS D.O.O.,50730247993,EKO-FLOR PLUS d.o.o.,NE,,,Eko-flor plus d.o.o. [50730247993],NE
Bjelovarsko-bilogorska,Velika Pisanica,1313,Komunalac d.o.o. (Bjelovar),27962400486,KOMUNALAC d.o.o. BJELOVAR,NE,,,Komunalac d.o.o. [27962400486],NE
Bjelovarsko-bilogorska,Velika Trnovitica,1091,Komunalac d.o.o. (Garešnica),27917254847,KOMUNALAC d.o.o. GAREŠNICA,NE,,,Komunalac d.o.o. [27917254847],NE
Bjelovarsko-bilogorska,Veliki Grđevac,2316,VELIKI GRĐEVAC D.O.O.,93736614095,,,,,Veliki Grđevac d.o.o. [93736614095],NE
Bjelovarsko-bilogorska,Veliko Trojstvo,2379,Komunalac d.o.o. (Bjelovar),27962400486,KOMUNALAC d.o.o. BJELOVAR,NE,Komunalac d.o.o. Bjelovar [27962400486] od 09.02.2022.,NE,Komunalac d.o.o. [27962400486],NE
Bjelovarsko-bilogorska,Zrinski Topolovac,747,Komunalac d.o.o. (Bjelovar),27962400486,KOMUNALAC d.o.o. BJELOVAR,NE,,,Komunalac d.o.o. [27962400486],NE
Primorsko-goranska,Bakar,7573,Komunalno društvo ČISTOĆA d. o. o. za održavanje čistoće i gospodarenje otpadom (Rijeka),06531901714,KD ČISTOĆA d.o.o. RIJEKA,NE,,,Komunalno društvo Čistoća d.o.o. [6531901714],NE
Primorsko-goranska,Cres,2716,Komunalne usluge Cres Lošinj d.o.o.,43600498596,KOMUNALNE USLUGE CRES LOŠINJ d.o.o.,NE,,,Komunalne usluge Cres Lošinj d.o.o. [43600498596],NE
Primorsko-goranska,Crikvenica,9980,Eko - Murvica d.o.o.,58401982639,EKO MURVICA d.o.o.,NE,,,Eko - Murvica d.o.o. [58401982639],NE
Primorsko-goranska,Čabar,3226,Komunalno trgovačko društvo Čabar d.o.o.,58129032419,KTD ČABAR d.o.o.,NE,,,Komunalno trgovačko društvo Čabar d.o.o. [58129032419],NE
Primorsko-goranska,Delnice,5135,Komunalac d.o.o. Delnice,22745185008,KOMUNALAC d.o.o. DELNICE,NE,,,Komunalac d.o.o. [22745185008],NE
Primorsko-goranska,Kastav,10202,Komunalno društvo ČISTOĆA d. o. o. za održavanje čistoće i gospodarenje otpadom (Rijeka),06531901714,KD ČISTOĆA d.o.o. RIJEKA,NE,,,Komunalno društvo Čistoća d.o.o. [6531901714],NE
Primorsko-goranska,Kraljevica,4066,Komunalno društvo ČISTOĆA d. o. o. za održavanje čistoće i gospodarenje otpadom (Rijeka),06531901714,KD ČISTOĆA d.o.o. RIJEKA,NE,,,Komunalno društvo Čistoća d.o.o. [6531901714],NE
Primorsko-goranska,Krk,6816,Ponikve eko otok Krk d.o.o.,04155352667,PONIKVE EKO OTOK KRK d.o.o.,NE,,,Ponikve eko otok Krk d.o.o. [04155352667],NE
Primorsko-goranska,Mali Lošinj,7537,Komunalne usluge Cres Lošinj d.o.o.,43600498596,KOMUNALNE USLUGE CRES LOŠINJ d.o.o.,NE,,,Komunalne usluge Cres Lošinj d.o.o. [43600498596],NE
Primorsko-goranska,Novi Vinodolski,4328,Komunalno trgovačko društvo Ivanj d.o.o.,97741129364,KOMUNALNO TRGOVAČKO DRUŠTVO IVANJ d.o.o.,NE,Komunalno trgovačko društvo Ivanj d.o.o. [97741129364] od 14.02.2022.,NE,Komunalno trgovačko društvo Ivanj d.o.o. [97741129364],NE
Primorsko-goranska,Opatija,10619,Komunalac d.o.o. Jurdani,30295003016,KOMUNALAC d.o.o. JURDANI,NE,,,Komunalac d.o.o. Jurdani [30295003016],NE
Primorsko-goranska,Rab,7161,Dundovo d.o.o.,08484457911,DUNDOVO d.o.o.,NE,,,Dundovo d.o.o. [8484457911],NE
Primorsko-goranska,Rijeka,107964,Komunalno društvo ČISTOĆA d. o. o. za održavanje čistoće i gospodarenje otpadom (Rijeka),06531901714,KD ČISTOĆA d.o.o. RIJEKA,NE,,,Komunalno društvo Čistoća d.o.o. [6531901714],NE
Primorsko-goranska,Vrbovsko,3876,Komunalac d.o.o. (Vrbovsko),45552012966,KOMUNALAC d.o.o. VRBOVSKO,NE,,,Komunalac d.o.o. [45552012966],NE
Primorsko-goranska,Baška,1656,Ponikve eko otok Krk d.o.o.,04155352667,PONIKVE EKO OTOK KRK d.o.o.,NE,,,Ponikve eko otok Krk d.o.o. [04155352667],NE
Primorsko-goranska,Brod Moravice,663,Komunalac d.o.o. Delnice,22745185008,KOMUNALAC d.o.o. DELNICE,NE,,,Komunalac d.o.o. [22745185008],NE
Primorsko-goranska,Čavle,7059,Komunalno društvo ČISTOĆA d. o. o. za održavanje čistoće i gospodarenje otpadom (Rijeka),06531901714,KD ČISTOĆA d.o.o. RIJEKA,NE,,,Komunalno društvo Čistoća d.o.o. [6531901714],NE
Primorsko-goranska,Dobrinj,2150,Ponikve eko otok Krk d.o.o.,04155352667,PONIKVE EKO OTOK KRK d.o.o.,NE,,,Ponikve eko otok Krk d.o.o. [04155352667],NE
Primorsko-goranska,Fužine,1394,FUŽINE D.O.O.,70922563525,KOMUNALNO - TRGOVAČKO DRUŠTVO FUŽINE d.o.o.,NE,,,Fužine d.o.o. [70922563525],NE
Primorsko-goranska,Jelenje,5096,Komunalno društvo ČISTOĆA d. o. o. za održavanje čistoće i gospodarenje otpadom (Rijeka),06531901714,KD ČISTOĆA d.o.o. RIJEKA,NE,,,Komunalno društvo Čistoća d.o.o. [6531901714],NE
Primorsko-goranska,Klana,1845,Komunalno društvo ČISTOĆA d. o. o. za održavanje čistoće i gospodarenje otpadom (Rijeka),06531901714,KD ČISTOĆA d.o.o. RIJEKA,NE,,,Komunalno društvo Čistoća d.o.o. [6531901714],NE
Primorsko-goranska,Kostrena,4398,Komunalno društvo ČISTOĆA d. o. o. za održavanje čistoće i gospodarenje otpadom (Rijeka),06531901714,KD ČISTOĆA d.o.o. RIJEKA,NE,,,Komunalno društvo Čistoća d.o.o. [6531901714],NE
Primorsko-goranska,Lokve,850,Komunalac d.o.o. Delnice,22745185008,KOMUNALAC d.o.o. DELNICE,NE,,,Komunalac d.o.o. [22745185008],NE
Primorsko-goranska,Lopar,1107,Lopar Vrutak d.o.o.,46240349814,LOPAR VRUTAK d.o.o.,NE,,,Lopar Vrutak d.o.o. [46240349814],NE
Primorsko-goranska,Lovran,3527,Komunalac d.o.o. Jurdani,30295003016,KOMUNALAC d.o.o. JURDANI,NE,,,Komunalac d.o.o. Jurdani [30295003016],NE
Primorsko-goranska,Malinska-Dubašnica,3212,Ponikve eko otok Krk d.o.o.,04155352667,PONIKVE EKO OTOK KRK d.o.o.,NE,,,Ponikve eko otok Krk d.o.o. [04155352667],NE
Primorsko-goranska,Matulji,10773,Komunalac d.o.o. Jurdani,30295003016,KOMUNALAC d.o.o. JURDANI,NE,,,Komunalac d.o.o. Jurdani [30295003016],NE
Primorsko-goranska,Mošćenička Draga,1288,Komunalac d.o.o. Jurdani,30295003016,KOMUNALAC d.o.o. JURDANI,NE,,,Komunalac d.o.o. Jurdani [30295003016],NE
Primorsko-goranska,Mrkopalj,924,Komunalac d.o.o. Delnice,22745185008,KOMUNALAC d.o.o. DELNICE,NE,,,Komunalac d.o.o. [22745185008],NE
Primorsko-goranska,Omišalj,2992,Ponikve eko otok Krk d.o.o.,04155352667,PONIKVE EKO OTOK KRK d.o.o.,NE,,,Ponikve eko otok Krk d.o.o. [04155352667],NE
Primorsko-goranska,Punat,1900,Ponikve eko otok Krk d.o.o.,04155352667,PONIKVE EKO OTOK KRK d.o.o.,NE,,,Ponikve eko otok Krk d.o.o. [04155352667],NE
Primorsko-goranska,Ravna Gora,2028,Komunalac d.o.o. Delnice,22745185008,KOMUNALAC d.o.o. DELNICE,NE,,,Komunalac d.o.o. [22745185008],NE
Primorsko-goranska,Skrad,858,Komunalac d.o.o. Delnice,22745185008,KOMUNALAC d.o.o. DELNICE,NE,,,Komunalac d.o.o. [22745185008],NE
Primorsko-goranska,Vinodolska općina,3226,Eko - Murvica d.o.o.,58401982639,EKO MURVICA d.o.o.,NE,,,Eko - Murvica d.o.o. [58401982639],NE
Primorsko-goranska,Viškovo,16084,Komunalno društvo ČISTOĆA d. o. o. za održavanje čistoće i gospodarenje otpadom (Rijeka),06531901714,KD ČISTOĆA d.o.o. RIJEKA,NE,,,Komunalno društvo Čistoća d. o. o. [6531901714],NE
Primorsko-goranska,Vrbnik,1190,Ponikve eko otok Krk d.o.o.,04155352667,PONIKVE EKO OTOK KRK d.o.o.,NE,,,Ponikve eko otok Krk d.o.o. [04155352667],NE
Ličko-senjska,Gospić,11502,KOMUNALAC GOSPIĆ,64163074544,KOMUNALAC GOSPIĆ d.o.o.,NE,,,Komunalac Gospić d.o.o. [64163074544],NE
Ličko-senjska,Novalja,3680,ARBUROŽA d.o.o.,65785118677,ARBUROŽA d.o.o.,NE,,,Arburoža d.o.o. [65785118677],NE
Ličko-senjska,Otočac,8332,Gacka d.o.o. Otočac,32380214737,GACKA d.o.o.,NE,,,Gacka d.o.o. [32380214737],NE
Ličko-senjska,Senj,5973,GRADSKO KOMUNLNO DRUŠTVO SENJ d.o.o.,45024889958,GRADSKO KOMUNALNO DRUŠTVO SENJ d.o.o.,NE,,,GKD SENJ d.o.o. [45024889958],NE
Ličko-senjska,Brinje,2563,Komunalno društvo Brinje d.o.o.,44146676576,KOMUNALNO DRUŠTVO BRINJE d.o.o.,NE,,,Komunalno društvo Brinje d.o.o. [44146676576],NE
Ličko-senjska,Donji Lapac,1366,Visočica Komunalac d.o.o.,20197527312,VISOČICA KOMUNALAC d.o.o.,NE,,,Visočica Komunalac d.o.o. [20197527312],NE
Ličko-senjska,Karlobag,780,Vegium d.o.o.,77465071491,VEGIUM d.o.o.,NE,,,Vegium d.o.o. [77465071491],NE
Ličko-senjska,Lovinac,943,Komunalac Udbina d.o.o.,26504267349,VRILO d.o.o.,DA,,,Vrilo d.o.o. [76518063253],DA
Ličko-senjska,Perušić,1973,PERUŠIĆ d.o.o,72380967406,PERUŠIĆ d.o.o.,NE,,,Perušić d.o.o [72380967406],NE
Ličko-senjska,Plitvička Jezera,3649,Komunalac d.o.o. (Plitvička Jezera),35080102633,KOMUNALAC d.o.o. KORENICA,NE,,,Komunalac d.o.o. Korenica [35080102633],NE
Ličko-senjska,Udbina,1334,Komunalac Udbina d.o.o.,26504267349,,,,,Komunalac Udbina d.o.o. [26504267349],NE
Ličko-senjska,Vrhovine,653,Vrhkom d.o.o. Vrhovine,,VRHKOM d.o.o.,NE,,,Vrhkom d.o.o. [69293880154],NE
Virovitičko-podravska,Orahovica,4537,Papuk d.o.o.,95664025141,PAPUK d.o.o.,NE,,,Papuk d.o.o. [95664025141],NE
Virovitičko-podravska,Slatina,11503,Slatina kom d.o.o.,69440520360,SLATINA KOM d.o.o.,NE,,,Slatina kom d.o.o. [69440520360],NE
Virovitičko-podravska,Virovitica,19302,FLORA VTC d.o.o.,54521868069,FLORA VTC d.o.o.,NE,,,Flora Vtc d.o.o. [54521868069],NE
Virovitičko-podravska,Crnac,1116,Papuk d.o.o.,95664025141,PAPUK d.o.o.,NE,,,Crnac-promet d.o.o. [94376564252],DA
Virovitičko-podravska,Čačinci,2162,Papuk d.o.o.,95664025141,PAPUK d.o.o.,NE,,,Papuk d.o.o. [95664025141],NE
Virovitičko-podravska,Čađavica,1555,EKO - FLOR PLUS D.O.O.,50730247993,EKO-FLOR PLUS d.o.o.,NE,,,Eko-flor plus d.o.o. [50730247993],NE
Virovitičko-podravska,Gradina,2874,FLORA VTC d.o.o.,54521868069,FLORA VTC d.o.o.,NE,Flora VTC d.o.o. [54521868069] od 26.03.2022.,NE,Flora Vtc d.o.o. [54521868069],NE
Virovitičko-podravska,Lukač,2759,FLORA VTC d.o.o.,54521868069,FLORA VTC d.o.o.,NE,,,Flora Vtc d.o.o. [54521868069],NE
Virovitičko-podravska,Mikleuš,1067,EKO - FLOR PLUS D.O.O.,50730247993,EKO-FLOR PLUS d.o.o.,NE,Papuk d.o.o. [95664025141] od 23.12.2024.,DA,Eko-flor plus d.o.o. [50730247993],NE
Virovitičko-podravska,Nova Bukovica,1275,EKO - FLOR PLUS D.O.O.,50730247993,MULL-TRANS d.o.o.,DA,,,Eko-flor plus d.o.o. [50730247993],NE
Virovitičko-podravska,Pitomača,8402,Komunalno Pitomača d.o.o.,17466734943,KOMUNALNO PITOMAČA d.o.o.,NE,,,Komunalno Pitomača d.o.o. [17466734943],NE
Virovitičko-podravska,Sopje,1897,EKO - FLOR PLUS D.O.O.,50730247993,EKO-FLOR PLUS d.o.o.,NE,,,Eko-flor plus d.o.o. [50730247993],NE
Virovitičko-podravska,Suhopolje,5267,FLORA VTC d.o.o.,54521868069,FLORA VTC d.o.o.,NE,,,Flora Vtc d.o.o. [54521868069],NE
Virovitičko-podravska,Špišić Bukovica,3303,FLORA VTC d.o.o.,54521868069,FLORA VTC d.o.o.,NE,,,Flora Vtc d.o.o. [54521868069],NE
Virovitičko-podravska,Voćin,1896,EKO - FLOR PLUS D.O.O.,50730247993,EKO-FLOR PLUS d.o.o.,NE,,,Eko-flor plus d.o.o. [50730247993],NE
Virovitičko-podravska,Zdenci,1453,Papuk d.o.o.,95664025141,PAPUK d.o.o.,NE,Papuk d.o.o. [95664025141] od 02.02.2022.,NE,Papuk d.o.o. [95664025141],NE
Požeško-slavonska,Kutjevo,4870,Komunalac Požega d.o.o. za komunalne djelatnosti,99740428762,KOMUNALAC POŽEGA d.o.o.,NE,,,Komunalac Požega d.o.o. [99740428762],NE
Požeško-slavonska,Lipik,5127,Komunalac d.o.o. Pakrac,01617722870,KOMUNALAC d.o.o. PAKRAC,NE,,,Komunalac d.o.o. Pakrac [1617722870],NE
Požeško-slavonska,Pakrac,7086,Komunalac d.o.o. Pakrac,01617722870,KOMUNALAC d.o.o. PAKRAC,NE,,,Komunalac d.o.o. Pakrac [1617722870],NE
Požeško-slavonska,Pleternica,9138,Komunalac Požega d.o.o. za komunalne djelatnosti,99740428762,KOMUNALAC POŽEGA d.o.o.,NE,,,Komunalac Požega d.o.o. [99740428762],NE
Požeško-slavonska,Požega,22294,Komunalac Požega d.o.o. za komunalne djelatnosti,99740428762,KOMUNALAC POŽEGA d.o.o.,NE,,,Komunalac Požega d.o.o. [99740428762],NE
Požeško-slavonska,Brestovac,2980,Komunalac Požega d.o.o. za komunalne djelatnosti,99740428762,KOMUNALAC POŽEGA d.o.o.,NE,,,Komunalac Požega d.o.o. [99740428762],NE
Požeško-slavonska,Čaglin,2111,Komunalac Požega d.o.o. za komunalne djelatnosti,99740428762,KOMUNALAC POŽEGA d.o.o.,NE,,,Komunalac Požega d.o.o. [99740428762],NE
Požeško-slavonska,Jakšić,3371,Komunalac Požega d.o.o. za komunalne djelatnosti,99740428762,KOMUNALAC POŽEGA d.o.o.,NE,,,Komunalac Požega d.o.o. [99740428762],NE
Požeško-slavonska,Kaptol,2605,Komunalac Požega d.o.o. za komunalne djelatnosti,99740428762,KOMUNALAC POŽEGA d.o.o.,NE,,,Komunalac Požega d.o.o. [99740428762],NE
Požeško-slavonska,Velika,4502,Komunalac Požega d.o.o. za komunalne djelatnosti,99740428762,KOMUNALAC POŽEGA d.o.o.,NE,,,Komunalac Požega d.o.o. [99740428762],NE
Brodsko-posavska,Nova Gradiška,11690,ODLAGALIŠTE D.O.O.,97575612726,ODLAGALIŠTE d.o.o.,NE,,,Odlagalište d.o.o. [97575612726],NE
Brodsko-posavska,Slavonski Brod,49891,TD KOMUNALAC D.O.O.,61888142985,TD Komunalac d.o.o.,NE,Komunalac d.o.o. Slavonski Brod [61888142985] od 23.12.2021.,NE,TD Komunalac d.o.o. [61888142985],NE
Brodsko-posavska,Bebrina,2817,JAKOB BECKER D.O.O.,61584237142,JAKOB BECKER d.o.o.,NE,,,Jakob Becker d.o.o. [61584237142],NE
Brodsko-posavska,Brodski Stupnik,2357,JAKOB BECKER D.O.O.,61584237142,JAKOB BECKER d.o.o.,NE,,,Jakob Becker d.o.o. [61584237142],NE
Brodsko-posavska,Bukovlje,2727,JAKOB BECKER D.O.O.,61584237142,JAKOB BECKER d.o.o.,NE,,,Jakob Becker d.o.o. [61584237142],NE
Brodsko-posavska,Cernik,2964,ODLAGALIŠTE D.O.O.,97575612726,ODLAGALIŠTE d.o.o.,NE,,,Odlagalište d.o.o. [97575612726],NE
Brodsko-posavska,Davor,2529,KOMUNALAC DAVOR d.o.o.,65665226983,KOMUNALAC DAVOR d.o.o.,NE,,,Komunalac Davor d.o.o. [65665226983],NE
Brodsko-posavska,Donji Andrijevci,3059,EKO - FLOR PLUS D.O.O.,50730247993,RUNOLIST d.o.o.,DA,Runolist d.o.o. [89249510637] od 30.12.2022.,DA,Runolist d.o.o. [89249510637],DA
Brodsko-posavska,Dragalić,1058,ODLAGALIŠTE D.O.O.,97575612726,ODLAGALIŠTE d.o.o.,NE,,,Odlagalište d.o.o. [97575612726],NE
Brodsko-posavska,Garčin,3951,EKO - FLOR PLUS D.O.O.,50730247993,EKO-FLOR PLUS d.o.o.,NE,,,Eko-flor plus d.o.o. [50730247993],NE
Brodsko-posavska,Gornja Vrba,2168,JAKOB BECKER D.O.O.,61584237142,JAKOB BECKER d.o.o.,NE,,,Jakob Becker d.o.o. [61584237142],NE
Brodsko-posavska,Gornji Bogićevci,1428,ODLAGALIŠTE D.O.O.,97575612726,ODLAGALIŠTE d.o.o.,NE,,,Odlagalište d.o.o. [97575612726],NE
Brodsko-posavska,Gundinci,1610,EKO - FLOR PLUS D.O.O.,50730247993,EKO-FLOR PLUS d.o.o.,NE,,,Eko-flor plus d.o.o. [50730247993],NE
Brodsko-posavska,Klakar,2020,JAKOB BECKER D.O.O.,61584237142,JAKOB BECKER d.o.o.,NE,,,Jakob Becker d.o.o. [61584237142],NE
Brodsko-posavska,Nova Kapela,3393,KOMUNALAC DAVOR d.o.o.,65665226983,KOMUNALAC DAVOR d.o.o.,NE,,,Komunalac Davor d.o.o. [65665226983],NE
Brodsko-posavska,Okučani,2323,Sloboština d.o.o.,33274495349,SLOBOŠTINA d.o.o.,NE,,,Sloboština d.o.o. [33274495349],NE
Brodsko-posavska,Oprisavci,1968,EKO - FLOR PLUS D.O.O.,50730247993,,,,,Runolist d.o.o. [89249510637],DA
Brodsko-posavska,Oriovac,4770,JAKOB BECKER D.O.O.,61584237142,JAKOB BECKER d.o.o.,NE,Jakob Becker d.o.o. [61584237142] od 1.7.2024.,NE,Jakob Becker d.o.o. [61584237142],NE
Brodsko-posavska,Podcrkavlje,2207,JAKOB BECKER D.O.O.,61584237142,JAKOB BECKER d.o.o.,NE,,,Jakob Becker d.o.o. [61584237142],NE
Brodsko-posavska,Rešetari,3852,ODLAGALIŠTE D.O.O.,97575612726,ODLAGALIŠTE d.o.o.,NE,,,Odlagalište d.o.o. [97575612726],NE
Brodsko-posavska,Sibinj,5730,JAKOB BECKER D.O.O.,61584237142,JAKOB BECKER d.o.o.,NE,,,Jakob Becker d.o.o. [61584237142],NE
Brodsko-posavska,Sikirevci,2028,JAKOB BECKER D.O.O.,61584237142,JAKOB BECKER d.o.o.,NE,,,Jakob Becker d.o.o. [61584237142],NE
Brodsko-posavska,Slavonski Šamac,1576,JAKOB BECKER D.O.O.,61584237142,JAKOB BECKER d.o.o.,NE,,,Jakob Becker d.o.o. [61584237142],NE
Brodsko-posavska,Stara Gradiška,911,ODLAGALIŠTE D.O.O.,97575612726,ODLAGALIŠTE d.o.o.,NE,,,Odlagalište d.o.o. [97575612726],NE
Brodsko-posavska,Staro Petrovo Selo,4110,ODLAGALIŠTE D.O.O.,97575612726,ODLAGALIŠTE d.o.o.,NE,,,Odlagalište d.o.o. [97575612726],NE
Brodsko-posavska,Velika Kopanica,2621,EKO - FLOR PLUS D.O.O.,50730247993,,,,,Runolist d.o.o. [89249510637],DA
Brodsko-posavska,Vrbje,1691,KOMUNALAC DAVOR d.o.o.,65665226983,KOMUNALAC DAVOR d.o.o.,NE,,,Komunalac Davor d.o.o. [65665226983],NE
Brodsko-posavska,Vrpolje,2818,EKO - FLOR PLUS D.O.O.,50730247993,,,,,Runolist d.o.o. [89249510637],DA
Zadarska,Benkovac,9680,Benković d.o.o.,11321589428,BENKOVIĆ d.o.o.,NE,,,Benković d.o.o. [11321589428],NE
Zadarska,Biograd na Moru,5601,Bošana d.o.o.,47665065525,BOŠANA d.o.o.,NE,,,Bošana d.o.o. [47665065525],NE
Zadarska,Nin,2705,ČISTOĆA d.o.o. Zadar,84923155727,ČISTOĆA d.o.o. ZADAR,NE,,,Čistoća d.o.o. Zadar [84923155727],NE
Zadarska,Obrovac,3453,LOŠI D.O.O.,73052673570,LOŠI d.o.o.,NE,,,Loši d.o.o. [73052673570],NE
Zadarska,Pag,3175,Čistoća Pag d.o.o.,13973013461,ČISTOĆA PAG d.o.o.,NE,,,Čistoća Pag d.o.o. [13973013461],NE
Zadarska,Zadar,70779,ČISTOĆA d.o.o. Zadar,84923155727,ČISTOĆA d.o.o. ZADAR,NE,Čistoća d.o.o. Zadar [84923155727] od 26.09.2022.,NE,Čistoća d.o.o. Zadar [84923155727],NE
Zadarska,Bibinje,3962,BIBINJAC D.O.O.,08510701052,BIBINJAC d.o.o.,NE,,,Bibinjac d.o.o. [8510701052],NE
Zadarska,Galovac,1258,ČISTOĆA d.o.o. Zadar,84923155727,ČISTOĆA d.o.o. ZADAR,NE,,,Čistoća d.o.o. Zadar [84923155727],NE
Zadarska,Gračac,3136,Gračac Čistoća d.o.o.,11250206587,GRAČAC ČISTOĆA d.o.o.,NE,,,Gračac Čistoća d.o.o. [11250206587],NE
Zadarska,Jasenice,1348,ČISTOĆA d.o.o. Zadar,84923155727,ČISTOĆA d.o.o. ZADAR,NE,,,Čistoća d.o.o. Zadar [84923155727],NE
Zadarska,Kali,1585,ČISTOĆA d.o.o. Zadar,84923155727,HRIPA d.o.o. KALI,DA,,,Čistoća d.o.o. Zadar [84923155727],NE
Zadarska,Kolan,815,ČISTOĆA I ODRŽAVANJE KOLAN d.o.o,41454598929,ČISTOĆA I ODRŽAVANJE KOLAN d.o.o.,NE,,,Čistoća i održavanje Kolan d.o.o. [41454598929],NE
Zadarska,Kukljica,628,ČISTOĆA d.o.o. Zadar,84923155727,,,,,Čistoća d.o.o. Zadar [84923155727],NE
Zadarska,Lišane Ostrovičke,593,Benković d.o.o.,11321589428,BENKOVIĆ d.o.o.,NE,Benković d.o.o. [11321589428] od 19.10.2019.,NE,Benković d.o.o. [11321589428],NE
Zadarska,Novigrad,2160,ČISTOĆA d.o.o. Zadar,84923155727,ČISTOĆA d.o.o. ZADAR,NE,,,Čistoća d.o.o. Zadar [84923155727],NE
Zadarska,Pakoštane,4100,LOŠI D.O.O.,73052673570,LOŠI d.o.o.,NE,,,Loši d.o.o. [73052673570],NE
Zadarska,Pašman,2136,ČISTOĆA d.o.o. Zadar,84923155727,Javna komunalna ustanova Otok Pašman,DA,,,Čistoća d.o.o. Zadar [84923155727],NE
Zadarska,Polača,1389,Komunalno društvo Polača d.o.o.,74057832570,KOMUNALNO DRUŠTVO POLAČA d.o.o.,NE,,,Komunalno društvo Polača d.o.o. [74057832570],NE
Zadarska,Poličnik,4676,ČISTOĆA d.o.o. Zadar,84923155727,ČISTOĆA d.o.o. ZADAR,NE,,,Čistoća d.o.o. Zadar [84923155727],NE
Zadarska,Posedarje,3430,ČISTOĆA d.o.o. Zadar,84923155727,ČISTOĆA d.o.o. ZADAR,NE,,,Čistoća d.o.o. Zadar [84923155727],NE
Zadarska,Povljana,669,Čistoća Povljana d.o.o.,94050549525,ČISTOĆA POVLJANA d.o.o.,NE,,,Čistoća Povljana d.o.o. [94050549525],NE
Zadarska,Preko,3556,ČISTOĆA d.o.o. Zadar,84923155727,,,,,Čistoća d.o.o. Zadar [84923155727],NE
Zadarska,Privlaka,2128,ČISTOĆA d.o.o. Zadar,84923155727,ČISTOĆA d.o.o. ZADAR,NE,,,Čistoća d.o.o. Zadar [84923155727],NE
Zadarska,Ražanac,2746,ČISTOĆA d.o.o. Zadar,84923155727,ČISTOĆA d.o.o. ZADAR,NE,,,Čistoća d.o.o. Zadar [84923155727],NE
Zadarska,Sali,1746,Mulić d.o.o.,32779696403,MULIĆ d.o.o.,NE,,,Mulić d.o.o. [32779696403],NE
Zadarska,Stankovci,1831,EKO - FLOR PLUS D.O.O.,50730247993,MICHIELI-TOMIĆ d.o.o.,DA,EKO-FLOR PLUS d.o.o. [50730247993] od 28.09.2021.,NE,Eko-flor plus d.o.o. [50730247993],NE
Zadarska,Starigrad,1697,ČISTOĆA d.o.o. Zadar,84923155727,ČISTOĆA d.o.o. ZADAR,NE,,,Čistoća d.o.o. Zadar [84923155727],NE
Zadarska,Sukošan,4665,ČISTOĆA d.o.o. Zadar,84923155727,,,,,Čistoća d.o.o. Zadar [84923155727],NE
Zadarska,Sveti Filip i Jakov,4461,ČISTOĆA d.o.o. Zadar,84923155727,ČISTOĆA d.o.o. ZADAR,NE,,,Čistoća d.o.o. Zadar [84923155727],NE
Zadarska,Škabrnja,1661,ČISTOĆA d.o.o. Zadar,84923155727,ČISTOĆA d.o.o. ZADAR,NE,,,Čistoća d.o.o. Zadar [84923155727],NE
Zadarska,Tkon,748,Orlić d.o.o.,01276735854,ORLIĆ d.o.o.,NE,,,Orlić d.o.o. [1276735854],NE
Zadarska,Vir,3045,ČISTI OTOK D.O.O.,15717069876,ČISTI OTOK d.o.o.,NE,Čisti otok d.o.o. [15717069876] od 03.01.2022.,NE,Čisti otok d.o.o. [15717069876],NE
Zadarska,Vrsi,2045,ČISTOĆA d.o.o. Zadar,84923155727,,,,,Čistoća d.o.o. Zadar [84923155727],NE
Zadarska,Zemunik Donji,2159,ČISTOĆA d.o.o. Zadar,84923155727,ČISTOĆA d.o.o. ZADAR,NE,,,Čistoća d.o.o. Zadar [84923155727],NE
Osječko-baranjska,Beli Manastir,7973,Baranjska čistoća d.o.o.,48154012452,BARANJSKA ČISTOĆA d.o.o.,NE,,,Baranjska čistoća d.o.o. [48154012452],NE
Osječko-baranjska,Belišće,8884,Kombel d.o.o.,24110100646,KOMBEL d.o.o.,NE,,,Kombel d.o.o. za komunalne djelatnosti [24110100646],NE
Osječko-baranjska,Donji Miholjac,8031,DOROSLOV d.o.o. za komunalne djelatnosti,54395174446,,,,,Doroslov d.o.o. [54395174446],NE
Osječko-baranjska,Đakovo,23577,UNIVERZAL d.o.o.,34319609112,UNIVERZAL d.o.o.,NE,Univerzal d.o.o. [34319609112] od 11.02.2022.,NE,Univerzal d.o.o. [34319609112],NE
Osječko-baranjska,Našice,14291,Našički park d.o.o.,78250224691,NAŠIČKI PARK d.o.o.,NE,Našički park d.o.o. [78250224691] od 23.03.2022.,NE,Našički park d.o.o. [78250224691],NE
Osječko-baranjska,Osijek,96313,Unikom d.o.o.,07507345484,UNIKOM d.o.o.,NE,,,Unikom d.o.o. [7507345484],NE
Osječko-baranjska,Valpovo,9784,URBANIZAM D.O.O.,43639618908,URBANIZAM d.o.o.,NE,,,Urbanizam d.o.o. [43639618908],NE
Osječko-baranjska,Antunovac,3411,Unikom d.o.o.,07507345484,UNIKOM d.o.o.,NE,,,Unikom d.o.o. [7507345484],NE
Osječko-baranjska,Bilje,4772,Unikom d.o.o.,07507345484,UNIKOM d.o.o.,NE,,,Baranjska čistoća d.o.o. [48154012452],DA
Osječko-baranjska,Bizovac,3733,Unikom d.o.o.,07507345484,UNIKOM d.o.o.,NE,,,Urbanizam d.o.o. [43639618908],DA
Osječko-baranjska,Čeminac,2484,Baranjska čistoća d.o.o.,48154012452,BARANJSKA ČISTOĆA d.o.o.,NE,,,Baranjska čistoća d.o.o. [48154012452],NE
Osječko-baranjska,Čepin,9665,Unikom d.o.o.,07507345484,UNIKOM d.o.o.,NE,,,Unikom d.o.o. [7507345484],NE
Osječko-baranjska,Darda,5427,Baranjska čistoća d.o.o.,48154012452,BARANJSKA ČISTOĆA d.o.o.,NE,,,Baranjska čistoća d.o.o. [48154012452],NE
Osječko-baranjska,Donja Motičina,1334,Našički park d.o.o.,78250224691,NAŠIČKI PARK d.o.o.,NE,,,Našički park d.o.o. [78250224691],NE
Osječko-baranjska,Draž,1949,Baranjska čistoća d.o.o.,48154012452,BARANJSKA ČISTOĆA d.o.o.,NE,,,Baranjska čistoća d.o.o. [48154012452],NE
Osječko-baranjska,Drenje,2126,EKO - FLOR PLUS D.O.O.,50730247993,EKO-FLOR PLUS d.o.o.,NE,,,Eko-flor plus d.o.o. [50730247993],NE
Osječko-baranjska,Đurđenovac,5332,RAD d.o.o. za komunalne usluge,01752409363,RAD d.o.o.,NE,,,RAD d.o.o. [1752409363],NE
Osječko-baranjska,Erdut,5436,ČVORKOVAC d.o.o.,99894441383,ČVORKOVAC d.o.o.,NE,,,Čvorkovac d.o.o. [99894441383],NE
Osječko-baranjska,Ernestinovo,1948,Unikom d.o.o.,07507345484,UNIKOM d.o.o.,NE,,,Unikom d.o.o. [7507345484],NE
Osječko-baranjska,Feričanci,1725,RAD d.o.o. za komunalne usluge,01752409363,RAD d.o.o.,NE,,,RAD d.o.o. [1752409363],NE
Osječko-baranjska,Gorjani,1246,UNIVERZAL d.o.o.,34319609112,UNIVERZAL d.o.o. Đakovo,NE,,,Univerzal d.o.o. [34319609112],NE
Osječko-baranjska,Jagodnjak,1500,Baranjska čistoća d.o.o.,48154012452,BARANJSKA ČISTOĆA d.o.o.,NE,,,Baranjska čistoća d.o.o. [48154012452],NE
Osječko-baranjska,Kneževi Vinogradi,3357,Baranjska čistoća d.o.o.,48154012452,BARANJSKA ČISTOĆA d.o.o.,NE,,,Baranjska čistoća d.o.o. [48154012452],NE
Osječko-baranjska,Koška,3169,EKO - FLOR PLUS D.O.O.,50730247993,EKO-FLOR PLUS d.o.o.,NE,,,Eko-flor plus d.o.o. [50730247993],NE
Osječko-baranjska,Levanjska Varoš,767,UNIVERZAL d.o.o.,34319609112,UNIVERZAL d.o.o.,NE,,,Univerzal d.o.o. [34319609112],NE
Osječko-baranjska,Magadenovac,1579,EKO - FLOR PLUS D.O.O.,50730247993,EKO-FLOR PLUS d.o.o.,NE,,,Eko-flor plus d.o.o. [50730247993],NE
Osječko-baranjska,Marijanci,1951,DOROSLOV d.o.o. za komunalne djelatnosti,54395174446,,,,,Eko-flor plus d.o.o. [50730247993],DA
Osječko-baranjska,Petlovac,1874,Baranjska čistoća d.o.o.,48154012452,BARANJSKA ČISTOĆA d.o.o.,NE,,,Baranjska čistoća d.o.o. [48154012452],NE
Osječko-baranjska,Petrijevci,2485,Unikom d.o.o.,07507345484,UNIKOM d.o.o.,NE,,,Urbanizam d.o.o. [43639618908],DA
Osječko-baranjska,Podgorač,2455,Našički park d.o.o.,78250224691,NAŠIČKI PARK d.o.o.,NE,Podgorski komunalac d.o.o. [41555314063] od 19.04.2023.,DA,Našički park d.o.o. [78250224691],NE
Osječko-baranjska,Podravska Moslavina,954,EKO - FLOR PLUS D.O.O.,50730247993,EKO-FLOR PLUS d.o.o.,NE,,,Eko-flor plus d.o.o. [50730247993],NE
Osječko-baranjska,Popovac,1446,Baranjska čistoća d.o.o.,48154012452,BARANJSKA ČISTOĆA d.o.o.,NE,,,Baranjska čistoća d.o.o. [48154012452],NE
Osječko-baranjska,Punitovci,1562,EKO - FLOR PLUS D.O.O.,50730247993,EKO-FLOR PLUS d.o.o.,NE,,,Eko-flor plus d.o.o. [50730247993],NE
Osječko-baranjska,Satnica Đakovačka,1775,UNIVERZAL d.o.o.,34319609112,UNIVERZAL d.o.o. Đakovo,NE,,,Univerzal d.o.o. [34319609112],NE
Osječko-baranjska,Semeljci,3558,Junakovci d.o.o. Semeljci,31942025395,JUNAKOVCI d.o.o.,NE,,,Junakovci d.o.o. Semeljci [31942025395],NE
Osječko-baranjska,Strizivojna,2027,UNIVERZAL d.o.o.,34319609112,UNIVERZAL d.o.o.,NE,,,Univerzal d.o.o. [34319609112],NE
Osječko-baranjska,Šodolovci,1217,NEVKOŠ D.O.O.,76173743169,NEVKOŠ d.o.o.,NE,,,Strunje-trade d.o.o. [97670986612],DA
Osječko-baranjska,Trnava,1251,UNIVERZAL d.o.o.,34319609112,UNIVERZAL d.o.o.,NE,,,Univerzal d.o.o. [34319609112],NE
Osječko-baranjska,Viljevo,1626,EKO - FLOR PLUS D.O.O.,50730247993,EKO-FLOR PLUS d.o.o.,NE,,,Eko-flor plus d.o.o. [50730247993],NE
Osječko-baranjska,Viškovci,1496,UNIVERZAL d.o.o.,34319609112,UNIVERZAL d.o.o.,NE,,,Univerzal d.o.o. [34319609112],NE
Osječko-baranjska,Vladislavci,1552,Unikom d.o.o.,07507345484,UNIKOM d.o.o.,NE,Unikom d.o.o. [07507345484] od 01.04.2023.,NE,Eko-flor plus d.o.o. [50730247993],DA
Osječko-baranjska,Vuka,984,Unikom d.o.o.,07507345484,UNIKOM d.o.o.,NE,,,Unikom d.o.o. [7507345484],NE
Šibensko-kninska,Drniš,6276,Gradska čistoća Drniš d.o.o.,52284012661,GRADSKA ČISTOĆA DRNIŠ d.o.o.,NE,,,Gradska čistoća Drniš d.o.o. [52284012661],NE
Šibensko-kninska,Knin,11633,ČISTOĆA I ZELENILO d.o.o.,46163832762,ČISTOĆA I ZELENILO d.o.o.,NE,,,Čistoća i zelenilo d.o.o. [46163832762],NE
Šibensko-kninska,Skradin,3349,Rivina jaruga d.o.o.,35718634536,RIVINA JARUGA d.o.o.,NE,,,Rivina Jaruga d.o.o. [35718634536],NE
Šibensko-kninska,Šibenik,42599,ZELENI GRAD ŠIBENIK d.o.o.,54873130289,ZELENI GRAD ŠIBENIK d.o.o.,NE,,,Zeleni grad Šibenik d.o.o. [54873130289],NE
Šibensko-kninska,Vodice,8649,LEĆ doo,79331181937,LEĆ d.o.o.,NE,Leć d.o.o. [79331181937] od 02.03.2023.,NE,Leć d.o.o. [79331181937],NE
Šibensko-kninska,Bilice,2546,ZELENI GRAD ŠIBENIK d.o.o.,54873130289,ZELENI GRAD ŠIBENIK d.o.o.,NE,,,Zeleni grad Šibenik d.o.o. [54873130289],NE
Šibensko-kninska,Biskupija,1177,KOMUNALNO DRUŠTVO BISKUPIJA d.o.o.,22596900244,KOMUNALNO DRUŠTVO BISKUPIJA d.o.o.,NE,,,Komunanalno društvo Biskupija d.o.o. [22596900244],NE
Šibensko-kninska,Civljane,171,KOMUNALNO DRUŠTVO BISKUPIJA d.o.o.,22596900244,,,,,Komunanalno društvo Biskupija d.o.o. [22596900244],NE
Šibensko-kninska,Ervenik,789,KOMUNALNO DRUŠTVO BISKUPIJA d.o.o.,22596900244,,,,,Komunanalno društvo Biskupija d.o.o. [22596900244],NE
Šibensko-kninska,Kijevo,272,KOMUNALNO DRUŠTVO KIJEVO d.o.o.,45756882694,,,,,Komunalno društvo Kijevo d.o.o [45756882694],NE
Šibensko-kninska,Kistanje,2650,Komunalno Poduzeće Kistanje d.o.o.,65548640564,KOMUNALNO PODUZEĆE KRISTANJE d.o.o.,NE,,,Komunalno poduzeće Kistanje d.o.o. [65548640564],NE
Šibensko-kninska,Murter-Kornati,1934,Murtela d.o.o.,74557241266,MURTELA d.o.o.,NE,,,"Murtela d.o.o., za komunalne djelatnosti [74557241266]",NE
Šibensko-kninska,Pirovac,1606,Vrilo d.o.o.,84014382315,VRILO d.o.o.,NE,,,Vrilo d.o.o. [84014382315],NE
Šibensko-kninska,Primošten,2627,Bucavac d.o.o.,86484630480,BUCAVAC d.o.o.,NE,,,Bucavac d.o.o. [86484630480],NE
Šibensko-kninska,Promina,943,EKO PROMINA d.o.o.,90431466150,EKO Promina d.o.o.,NE,Eko Promina d.o.o. [90431466150] od 05.03.2018.,NE,EKO Promina d.o.o. [90431466150],NE
Šibensko-kninska,Rogoznica,2106,Škovacin d.o.o.,46637054013,ŠKOVACIN d.o.o.,NE,Škovacin d.o.o. [46637054013] od 21.2.2026.,NE,Škovacin d.o.o. [46637054013],NE
Šibensko-kninska,Ružić,1283,Gradska čistoća Drniš d.o.o.,52284012661,GRADSKA ČISTOĆA DRNIŠ d.o.o.,NE,,,Gradska čistoća Drniš d.o.o. [52284012661],NE
Šibensko-kninska,Tisno,2908,JEŽINAC D.O.O.,51893359623,JEŽINAC d.o.o.,NE,,,Ježinac d.o.o. [51893359623],NE
Šibensko-kninska,Tribunj,1594,LEĆ doo,79331181937,LEĆ d.o.o.,NE,Leć d.o.o. [79331181937] od 21.03.2023.,NE,Leć d.o.o. [79331181937],NE
Šibensko-kninska,Unešić,1269,EKO ZAGORA D.O.O.,09982320616,EKO ZAGORA d.o.o.,NE,,,Eko Zagora d.o.o. [9982320616],NE
Vukovarsko-srijemska,Ilok,5045,KOM-ILOK D.O.O.,31574808968,KOM-ILOK,NE,,,Kom-Ilok d.o.o. [31574808968],NE
Vukovarsko-srijemska,Otok,4899,Vranjevo d.o.o.,17434560655,VRANJEVO d.o.o.,NE,,,Vranjevo d.o.o. [17434560655],NE
Vukovarsko-srijemska,Vinkovci,30842,NEVKOŠ D.O.O.,76173743169,NEVKOŠ d.o.o.,NE,,,Nevkoš d.o.o. [76173743169],NE
Vukovarsko-srijemska,Vukovar,23175,Komunalac d.o.o. Vukovar,83101904488,KOMUNALAC d.o.o. VUKOVAR,NE,Komunalac d.o.o. [83101904488] od 16.06.2022.,NE,Komunalac d.o.o. [83101904488],NE
Vukovarsko-srijemska,Županja,9153,ČISTOĆA ŽUPANJA d.o.o.,85409306989,ČISTOĆA ŽUPANJA d.o.o.,NE,Čistoća Županja d.o.o. [85409306989] od 25.03.2022.,NE,Čistoća Županja d.o.o. [85409306989],NE
Vukovarsko-srijemska,Andrijaševci,3441,NEVKOŠ D.O.O.,76173743169,NEVKOŠ d.o.o.,NE,,,Nevkoš d.o.o. [76173743169],NE
Vukovarsko-srijemska,Babina Greda,2762,ČISTOĆA ŽUPANJA d.o.o.,85409306989,ČISTOĆA ŽUPANJA d.o.o.,NE,,,Strunje-trade d.o.o. [97670986612],DA
Vukovarsko-srijemska,Bogdanovci,1545,Komunalac d.o.o. Vukovar,83101904488,KOMUNALAC d.o.o. VUKOVAR,NE,,,Komunalac d.o.o. [83101904488],NE
Vukovarsko-srijemska,Borovo,3555,Eko-Dunav d.o.o. za komunalno gospodarstvo,78491952386,EKO-DUNAV d.o.o.,NE,,,Eko - Dunav d.o.o. [78491952386],NE
Vukovarsko-srijemska,Bošnjaci,2868,ČISTOĆA ŽUPANJA d.o.o.,85409306989,ČISTOĆA ŽUPANJA d.o.o.,NE,,,Čistoća Županja d.o.o. [85409306989],NE
Vukovarsko-srijemska,Cerna,3712,ČISTOĆA ŽUPANJA d.o.o.,85409306989,ČISTOĆA ŽUPANJA d.o.o.,NE,,,Čistoća Županja d.o.o. [85409306989],NE
Vukovarsko-srijemska,Drenovci,3662,Drenovci d.o.o. za komunalne djelatnosti,58020541864,DRENOVCI d.o.o.,NE,Drenovci d.o.o. [58020541864] od ,NE,Drenovci d.o.o. [58020541864],NE
Vukovarsko-srijemska,Gradište,2227,ČISTOĆA ŽUPANJA d.o.o.,85409306989,ČISTOĆA ŽUPANJA d.o.o.,NE,,,Čistoća Županja d.o.o. [85409306989],NE
Vukovarsko-srijemska,Gunja,2600,Gunjanska čistoća d.o.o.,46007078487,GUNJANSKA ČISTOĆA d.o.o.,NE,,,Gunjanska čistoća d.o.o. [46007078487],NE
Vukovarsko-srijemska,Ivankovo,6543,NEVKOŠ D.O.O.,76173743169,NEVKOŠ d.o.o.,NE,,,Nevkoš d.o.o. [76173743169],NE
Vukovarsko-srijemska,Jarmina,2016,NEVKOŠ D.O.O.,76173743169,NEVKOŠ d.o.o.,NE,,,Nevkoš d.o.o. [76173743169],NE
Vukovarsko-srijemska,Lovas,980,EKO - FLOR PLUS D.O.O. | Komunalac d.o.o. Vukovar,50730247993 | 83101904488,EKO-FLOR PLUS d.o.o.,NE,,,Komunalac d.o.o. [83101904488],NE
Vukovarsko-srijemska,Markušica,1773,NEVKOŠ D.O.O.,76173743169,NEVKOŠ d.o.o.,NE,,,Nevkoš d.o.o. [76173743169],NE
Vukovarsko-srijemska,Negoslavci,983,Komunalac d.o.o. Vukovar,83101904488,KOMUNALAC d.o.o. VUKOVAR,NE,,,Komunalac d.o.o. [83101904488],NE
Vukovarsko-srijemska,Nijemci,3526,EKO - FLOR PLUS D.O.O.,50730247993,EKO-FLOR PLUS d.o.o.,NE,,,Eko-flor plus d.o.o. [50730247993],NE
Vukovarsko-srijemska,Nuštar,4861,NEVKOŠ D.O.O.,76173743169,NEVKOŠ d.o.o.,NE,,,Nevkoš d.o.o. [76173743169],NE
Vukovarsko-srijemska,Privlaka,2192,NEVKOŠ D.O.O.,76173743169,NEVKOŠ d.o.o.,NE,Nevkoš d.o.o. [76173743169] od 10.01.2023.,NE,Strunje-trade d.o.o. [97670986612],DA
Vukovarsko-srijemska,Stari Jankovci,3271,EKO JANKOVCI d.o.o.,60887400677,EKO JANKOVCI d.o.o.,NE,,,Eko Jankovci d.o.o. [60887400677],NE
Vukovarsko-srijemska,Stari Mikanovci,2419,Obrt za odvoz smeća UTVAJ,23637380433,OBRT ZA ODVOZ SMEĆA UTVAJ,NE,,,Obrt za odvoz smeća Utvaj [23637380433],NE
Vukovarsko-srijemska,Štitar,1552,ČISTOĆA ŽUPANJA d.o.o.,85409306989,ČISTOĆA ŽUPANJA d.o.o.,NE,,,Čistoća Županja d.o.o. [85409306989],NE
Vukovarsko-srijemska,Tompojevci,1116,Komunalac d.o.o. Vukovar,83101904488,KOMUNALAC d.o.o. VUKOVAR,NE,,,Komunalac d.o.o. [83101904488],NE
Vukovarsko-srijemska,Tordinci,1657,NEVKOŠ D.O.O.,76173743169,NEVKOŠ d.o.o.,NE,,,Nevkoš d.o.o. [76173743169],NE
Vukovarsko-srijemska,Tovarnik,2067,EKO - FLOR PLUS D.O.O.,50730247993,EKO-FLOR PLUS d.o.o.,NE,EKO-FLOR PLUS d.o.o. [50730247993] od 01.10.2022.,NE,Eko-flor plus d.o.o. [50730247993],NE
Vukovarsko-srijemska,Trpinja,4167,Krio d.o.o.,22366356886,KRIO d.o.o.,NE,,,Krio d.o.o. [22366356886],NE
Vukovarsko-srijemska,Vođinci,1634,Obrt za odvoz smeća UTVAJ,23637380433,OBRT ZA ODVOZ SMEĆA UTVAJ,NE,,,Obrt za odvoz smeća Utvaj [23637380433],NE
Vukovarsko-srijemska,Vrbanja,2870,Vranjevo d.o.o.,17434560655,ČISTOĆA ŽUPANJA d.o.o.,DA,Vranjevo d.o.o. [17434560655] od ,NE,Strunje-trade d.o.o. [97670986612],DA
Splitsko-dalmatinska,Hvar,3979,Komunalno Hvar d.o.o.,85724396887,KOMUNALNO HVAR d.o.o.,NE,,,Komunalno Hvar d.o.o. [85724396887],NE
Splitsko-dalmatinska,Imotski,9153,Komunalno Društvo Grada Imotskog d.o.o.,13768167508,ČISTOĆA IMOTSKE KRAJINE d.o.o.,DA,,,Komunalno Društvo Grada Imotskog d.o.o. [13768167508],NE
Splitsko-dalmatinska,Kaštela,37794,ZELENO I MODRO d.o.o.,44813350399,ZELENO I MODRO d.o.o.,NE,,,Zeleno i modro d.o.o. [44813350399],NE
Splitsko-dalmatinska,Komiža,1394,NAUTIČKI CENTAR KOMIŽA D.O.O.,80069446180,NAUTIČKI CENTAR KOMIŽA d.o.o.,NE,Nautički centar Komiža d.o.o. [80069446180] od 24.6.2026.,NE,Nautički centar Komiža d.o.o. [80069446180],NE
Splitsko-dalmatinska,Makarska,13301,Makarski komunalac d.o.o.,12733878804,MAKARSKI KOMUNALAC d.o.o.,NE,Makarski komunalac d.o.o. [12733878804] od 09.02.2022.,NE,Makarski komunalac d.o.o [12733878804],NE
Splitsko-dalmatinska,Omiš,14139,PEOVICA D.O.O.,34614033767,PEOVICA d.o.o.,NE,,,Peovica d.o.o. [34614033767],NE
Splitsko-dalmatinska,Sinj,23452,ČISTOĆA CETINSKE KRAJINE d.o.o.,79243957155,ČISTOĆA CETINSKE KRAJINE d.o.o.,NE,Čistoća Cetinske krajine d.o.o. [79243957155] od ,NE,Čistoća Cetinske krajine d.o.o. [79243957155],NE
Splitsko-dalmatinska,Solin,24862,ČISTOĆA d.o.o. Split,38812451417,ČISTOĆA d.o.o. SPLIT,NE,Čistoća d.o.o. [38812451417] od 07.04.2022.,NE,Čistoća d.o.o. Split [38812451417],NE
Splitsko-dalmatinska,Split,160577,ČISTOĆA d.o.o. Split,38812451417,ČISTOĆA d.o.o. SPLIT,NE,,,Čistoća d.o.o. Split [38812451417],NE
Splitsko-dalmatinska,Stari Grad,2772,KOMUNALNO STARI GRAD d.o.o.,32328464260,KOMUNALNO STARI GRAD d.o.o.,NE,,,Komunalno Stari Grad d.o.o. [32328464260],NE
Splitsko-dalmatinska,Supetar,4325,Komunalno društvo GRAD d.o.o. (Supetar),79182010236,KOMUNALNO DRUŠTVO GRAD d.o.o.,NE,,,Komunalno društvo GRAD d.o.o. [79182010236],NE
Splitsko-dalmatinska,Trilj,8182,ČISTOĆA CETINSKE KRAJINE d.o.o.,79243957155,ČISTOĆA CETINSKE KRAJINE d.o.o.,NE,,,Čistoća Cetinske krajine d.o.o. [79243957155],NE
Splitsko-dalmatinska,Trogir,12393,TROGIR HOLDING d.o.o.,09746817380,TROGIR HOLDING d.o.o.,NE,,,Trogir holding d.o.o. [9746817380],NE
Splitsko-dalmatinska,Vis,1918,GRADINA VIS d.o.o. za komunalne djelatnosti i pružanje usluga u nautičkom turizmu,36896460047,GRADINA VIS d.o.o.,NE,,,Gradina Vis d.o.o. [36896460047],NE
Splitsko-dalmatinska,Vrgorac,5698,GRADSKA ČISTOĆA I USLUGE D.O.O.,00031138108,,,,,Gradska čistoća i usluge d.o.o. [31138108],NE
Splitsko-dalmatinska,Vrlika,1728,EKO VRLIKA d.o.o. za komunalne djelatnosti,58922555694,EKO VRLIKA d.o.o.,NE,,,Eko Vrlika d.o.o. [58922555694],NE
Splitsko-dalmatinska,Baška Voda,2590,GRADINA-BAŠKA VODA d.o.o.,57015795940,,,,,Gradina-Baška Voda d.o.o. [57015795940],NE
Splitsko-dalmatinska,Bol,1678,MICHIELI-TOMIĆ doo,38856841151,MICHIELI-TOMIĆ d.o.o.,NE,,,Michieli-Tomić d.o.o. [38856841151],NE
Splitsko-dalmatinska,Brela,1626,Greben Brela d.o.o.,35127907914,,,,,Greben Brela d.o.o. [35127907914],NE
Splitsko-dalmatinska,Cista Provo,1799,Čistoća Imotske krajine d.o.o.,50922695010,ČISTOĆA IMOTSKE KRAJINE d.o.o.,NE,,,Čistoća Imotske krajine d.o.o. [50922695010],NE
Splitsko-dalmatinska,Dicmo,2805,ČISTOĆA CETINSKE KRAJINE d.o.o.,79243957155,ČISTOĆA CETINSKE KRAJINE d.o.o.,NE,Čistoća Cetinske krajine d.o.o. [79243957155] od 27.04.2023.,NE,Čistoća Cetinske krajine d.o.o. [79243957155],NE
Splitsko-dalmatinska,Dugi Rat,6876,PEOVICA D.O.O.,34614033767,PEOVICA d.o.o.,NE,,,Peovica d.o.o. [34614033767],NE
Splitsko-dalmatinska,Dugopolje,3742,ČISTOĆA d.o.o. Split,38812451417,ČISTOĆA d.o.o. SPLIT,NE,,,Čistoća d.o.o. Split [38812451417],NE
Splitsko-dalmatinska,Gradac,2401,Komunalno održavanje d.o.o. (Ploče),44270699963,,,,,Komunalno održavanje doo [44270699963],NE
Splitsko-dalmatinska,Hrvace,3144,ČISTOĆA CETINSKE KRAJINE d.o.o.,79243957155,ČISTOĆA CETINSKE KRAJINE d.o.o.,NE,,,Čistoća Cetinske krajine d.o.o. [79243957155],NE
Splitsko-dalmatinska,Jelsa,3501,JELKOM d.o.o.,92345732468,,,,,Jelkom d.o.o. [92345732468],NE
Splitsko-dalmatinska,Klis,5226,ČISTOĆA d.o.o. Split,38812451417,,,,,Čistoća d.o.o. Split [38812451417],NE
Splitsko-dalmatinska,Lećevica,495,MARINSKI KOMUNALAC d.o.o.,75030609957,MARINSKI KOMUNALAC d.o.o.,NE,,,Marinski komunalac d.o.o. [75030609957],NE
Splitsko-dalmatinska,Lokvičići,667,Čistoća Imotske krajine d.o.o.,50922695010,ČISTOĆA IMOTSKE KRAJINE d.o.o.,NE,,,Čistoća Imotske krajine d.o.o. [50922695010],NE
Splitsko-dalmatinska,Lovreć,1402,Čistoća Imotske krajine d.o.o.,50922695010,ČISTOĆA IMOTSKE KRAJINE d.o.o.,NE,,,Čistoća Imotske krajine d.o.o. [50922695010],NE
Splitsko-dalmatinska,Marina,4273,MARINSKI KOMUNALAC d.o.o.,75030609957,MARINSKI KOMUNALAC d.o.o.,NE,,,Marinski komunalac d.o.o. [75030609957],NE
Splitsko-dalmatinska,Milna,931,MICHIELI-TOMIĆ doo,38856841151,MICHIELI-TOMIĆ d.o.o.,NE,,,Michieli-Tomić d.o.o. [38856841151],NE
Splitsko-dalmatinska,Muć,3465,KOMUNALNO PODUZEĆE MUĆ D.O.O,21599604274,VLASTITI POGON OPĆINE MUĆ,NE,,,Vlastiti pogon Općine Muć [20072764912],NE
Splitsko-dalmatinska,Nerežišća,878,MICHIELI-TOMIĆ doo,38856841151,MICHIELI-TOMIĆ d.o.o.,NE,,,Michieli-Tomić d.o.o. [38856841151],NE
Splitsko-dalmatinska,Okrug,2995,Rudej d.o.o.,20452202383,RUDEJ d.o.o.,NE,,,Rudej d.o.o. [20452202383],NE
Splitsko-dalmatinska,Otok,4998,ČISTOĆA CETINSKE KRAJINE d.o.o.,79243957155,ČISTOĆA CETINSKE KRAJINE d.o.o.,NE,,,Čistoća Cetinske krajine d.o.o. [79243957155],NE
Splitsko-dalmatinska,Podbablje,4035,Čistoća Imotske krajine d.o.o.,50922695010,,,,,Čistoća Imotske krajine d.o.o. [50922695010],NE
Splitsko-dalmatinska,Podgora,2233,Podgorski komunalac d.o.o.,41555314063,PODGORA ČISTOĆA d.o.o.,DA,Podgorski komunalac d.o.o. [41555314063] od 19.4.2023.,NE,Podgorski komunalac d.o.o. [41555314063],NE
Splitsko-dalmatinska,Podstrana,10403,ČISTOĆA d.o.o. Split,38812451417,ČISTOĆA d.o.o. SPLIT,NE,,,Čistoća d.o.o. Split [38812451417],NE
Splitsko-dalmatinska,Postira,1538,MICHIELI-TOMIĆ doo,38856841151,MICHIELI-TOMIĆ d.o.o.,NE,,,Michieli-Tomić d.o.o. [38856841151],NE
Splitsko-dalmatinska,Prgomet,498,MARINSKI KOMUNALAC d.o.o.,75030609957,MARINSKI KOMUNALAC d.o.o.,NE,,,Marinski komunalac d.o.o. [75030609957],NE
Splitsko-dalmatinska,Primorski Dolac,686,MARINSKI KOMUNALAC d.o.o.,75030609957,MARINSKI KOMUNALAC d.o.o.,NE,,,Marinski komunalac d.o.o. [75030609957],NE
Splitsko-dalmatinska,Proložac,3112,Čistoća Imotske krajine d.o.o.,50922695010,,,,,Čistoća Imotske krajine d.o.o. [50922695010],NE
Splitsko-dalmatinska,Pučišća,1926,MICHIELI-TOMIĆ doo,38856841151,MICHIELI-TOMIĆ d.o.o.,NE,,,Michieli-Tomić d.o.o. [38856841151],NE
Splitsko-dalmatinska,Runovići,1968,Čistoća Imotske krajine d.o.o.,50922695010,,,,,Čistoća Imotske krajine d.o.o. [50922695010],NE
Splitsko-dalmatinska,Seget,4511,ZELENI SEGET d.o.o. za obavljanje komunalnih djelatnosti,22932965070,ZELENI SEGET d.o.o.,NE,Zeleni Seget d.o.o. [22932965070] od osmi dan od objave,NE,Michieli-Tomić d.o.o. [38856841151],DA
Splitsko-dalmatinska,Selca,1613,MICHIELI-TOMIĆ doo,38856841151,MICHIELI-TOMIĆ d.o.o.,NE,,,Michieli-Tomić d.o.o. [38856841151],NE
Splitsko-dalmatinska,Sućuraj,426,Općina Sućuraj,22949687323,KOMUNALNO SUĆURAJ,NE,,,Općina Sućuraj [22949687323],NE
Splitsko-dalmatinska,Sutivan,936,MICHIELI-TOMIĆ doo,38856841151,MICHIELI-TOMIĆ d.o.o.,NE,,,Michieli-Tomić d.o.o. [38856841151],NE
Splitsko-dalmatinska,Šestanovac,1669,PEOVICA D.O.O.,34614033767,PEOVICA d.o.o.,NE,,,Peovica d.o.o. [34614033767],NE
Splitsko-dalmatinska,Šolta,1975,Komunalno Basilija d.o.o.,23193263251,KOMUNALNO BASILIJA d.o.o.,NE,,,Komunalno Basilija d.o.o. [23193263251],NE
Splitsko-dalmatinska,Tučepi,1819,Tučepi d.o.o.,25263140544,TUČEPI d.o.o.,NE,,,Tučepi d.o.o. [25263140544],NE
Splitsko-dalmatinska,Zadvarje,289,PEOVICA D.O.O.,34614033767,PEOVICA d.o.o.,NE,,,Peovica d.o.o. [34614033767],NE
Splitsko-dalmatinska,Zagvozd,957,Čistoća Imotske krajine d.o.o.,50922695010,ČISTOĆA IMOTSKE KRAJINE d.o.o.,NE,,,Čistoća Imotske krajine d.o.o. [50922695010],NE
Splitsko-dalmatinska,Zmijavci,1654,Čistoća Imotske krajine d.o.o.,50922695010,ČISTOĆA IMOTSKE KRAJINE d.o.o.,NE,,,Čistoća Imotske krajine d.o.o. [50922695010],NE
Istarska,Buje – Buie,4441,6.Maj d.o.o.,56396370038,6. MAJ d.o.o.,NE,,,6. Maj d.o.o. [56396370038],NE
Istarska,Buzet,5999,PARK d.o.o. (Buzet),78086095402,PARK d.o.o.,NE,,,Park d.o.o. [78086095402],NE
Istarska,Labin,10424,"1. MAJ LABIN, društvo s ograničenom odgovornošću",23557321379,1. MAJ d.o.o.,NE,,,1. Maj d.o.o. [23557321379],NE
Istarska,Novigrad – Cittanova,3889,6.Maj d.o.o.,56396370038,6. MAJ d.o.o.,NE,,,6. Maj d.o.o. [56396370038],NE
Istarska,Pazin,8279,Usluga d.o.o. (Pazin),03455963475,USLUGA d.o.o. PAZIN,NE,,,Usluga d.o.o. [3455963475],NE
Istarska,Poreč – Parenzo,16607,Usluga Poreč d.o.o.,31073587765,USLUGA POREČ d.o.o.,NE,,,Usluga Poreč d.o.o. [31073587765],NE
Istarska,Pula – Pola,52220,Pula Herculanea d.o.o.,11294943436,PULA HERCULANEA d.o.o.,NE,,,Pula Herculanea d.o.o. [11294943436],NE
Istarska,Rovinj – Rovigno,12968,KOMUNALNI SERVIS D.O.O.,22751868617,KOMUNALNI SERVIS d.o.o.,NE,Komunalni servis d.o.o. Rovinj [22751868617] od 31.12.2021.,NE,Komunalni servisi d.o.o. [22751868617],NE
Istarska,Umag – Umago,12699,6.Maj d.o.o.,56396370038,6. MAJ d.o.o.,NE,,,6. Maj d.o.o. [56396370038],NE
Istarska,Vodnjan – Dignano,5838,CONTRADA d.o.o. za obavljanje komunalnih djelatnosti,67506743047,CONTRADA d.o.o.,NE,,,Contrada d.o.o. [67506743047],NE
Istarska,Bale – Valle,1170,KOMUNALNI SERVIS D.O.O.,22751868617,KOMUNALNI SERVIS d.o.o.,NE,,,Komunalni servisi d.o.o. [22751868617],NE
Istarska,Barban,2491,Pula Herculanea d.o.o.,11294943436,PULA HERCULANEA d.o.o.,NE,,,Pula Herculanea d.o.o. [11294943436],NE
Istarska,Brtonigla – Verteneglio,1523,6.Maj d.o.o.,56396370038,6. MAJ d.o.o.,NE,,,6. Maj d.o.o. [56396370038],NE
Istarska,Cerovlje,1453,Usluga d.o.o. (Pazin),03455963475,USLUGA d.o.o. PAZIN,NE,,,Usluga d.o.o. [3455963475],NE
Istarska,Fažana – Fasana,3463,Pula Herculanea d.o.o.,11294943436,PULA HERCULANEA d.o.o.,NE,,,Pula Herculanea d.o.o. [11294943436],NE
Istarska,Funtana – Fontane,911,Usluga Poreč d.o.o.,31073587765,USLUGA POREČ d.o.o.,NE,,,Usluga Poreč d.o.o. [31073587765],NE
Istarska,Gračišće,1312,Usluga d.o.o. (Pazin),03455963475,USLUGA d.o.o. PAZIN,NE,Usluga d.o.o. [03455963475] od 01.01.2023.,NE,Usluga d.o.o. [3455963475],NE
Istarska,Grožnjan – Grisignana,656,6.Maj d.o.o.,56396370038,6. MAJ d.o.o.,NE,,,6. Maj d.o.o. [56396370038],NE
Istarska,Kanfanar,1498,KOMUNALNI SERVIS D.O.O.,22751868617,KOMUNALNI SERVIS d.o.o.,NE,,,Komunalni servisi d.o.o. [22751868617],NE
Istarska,Karojba,1404,Usluga d.o.o. (Pazin),03455963475,USLUGA d.o.o. PAZIN,NE,Usluga d.o.o. [03455963475] od 01.01.2023.,NE,Usluga d.o.o. [3455963475],NE
Istarska,Kaštelir-Labinci – Castelliere-S. Domenica,1493,Usluga Poreč d.o.o.,31073587765,USLUGA POREČ d.o.o.,NE,,,Usluga Poreč d.o.o. [31073587765],NE
Istarska,Kršan,2829,"1. MAJ LABIN, društvo s ograničenom odgovornošću",23557321379,1. MAJ d.o.o.,NE,,,1. Maj d.o.o. [23557321379],NE
Istarska,Lanišće,268,PARK d.o.o. (Buzet),78086095402,PARK d.o.o.,NE,,,Park d.o.o. [78086095402],NE
Istarska,Ližnjan – Lisignano,4087,Pula Herculanea d.o.o.,11294943436,PULA HERCULANEA d.o.o.,NE,,,Pula Herculanea d.o.o. [11294943436],NE
Istarska,Lupoglav,836,Usluga d.o.o. (Pazin),03455963475,USLUGA d.o.o. PAZIN,NE,Usluga d.o.o. [03455963475] od 01.01.2023.,NE,Usluga d.o.o. [3455963475],NE
Istarska,Marčana,4250,Pula Herculanea d.o.o.,11294943436,PULA HERCULANEA d.o.o.,NE,,,Pula Herculanea d.o.o. [11294943436],NE
Istarska,Medulin,6552,Med eko servis d.o.o,68103986020,MED EKO SERVIS d.o.o.,NE,Med eko servis d.o.o. [68103986020] od 08.04.2022.,NE,Med eko servis d.o.o. [68103986020],NE
Istarska,Motovun – Montona,912,Usluga d.o.o. (Pazin),03455963475,USLUGA d.o.o. PAZIN,NE,,,Usluga d.o.o. [3455963475],NE
Istarska,Oprtalj – Portole,748,6.Maj d.o.o.,56396370038,6. MAJ d.o.o.,NE,,,6. Maj d.o.o. [56396370038],NE
Istarska,Pićan,1722,"1. MAJ LABIN, društvo s ograničenom odgovornošću",23557321379,1. MAJ d.o.o.,NE,,,1. Maj d.o.o. [23557321379],NE
Istarska,Raša,2809,"1. MAJ LABIN, društvo s ograničenom odgovornošću",23557321379,1. MAJ d.o.o.,NE,,,1. Maj d.o.o. [23557321379],NE
Istarska,Sveta Nedelja,2898,"1. MAJ LABIN, društvo s ograničenom odgovornošću",23557321379,1. MAJ d.o.o.,NE,,,1. Maj d.o.o. [23557321379],NE
Istarska,Sveti Lovreč,960,Usluga Poreč d.o.o.,31073587765,USLUGA POREČ d.o.o.,NE,Usluga Poreč d.o.o. [31073587765] od 10.02.2022.,NE,Usluga Poreč d.o.o. [31073587765],NE
Istarska,Sveti Petar u Šumi,1051,Usluga d.o.o. (Pazin),03455963475,USLUGA d.o.o. PAZIN,NE,,,Usluga d.o.o. [3455963475],NE
Istarska,Svetvinčenat,2179,Pula Herculanea d.o.o.,11294943436,PULA HERCULANEA d.o.o.,NE,,,Pula Herculanea d.o.o. [11294943436],NE
Istarska,Tar-Vabriga – Torre-Abrega,2148,Usluga Poreč d.o.o.,31073587765,USLUGA POREČ d.o.o.,NE,Usluga Poreč d.o.o. [31073587765] od 18.02.2022.,NE,Usluga Poreč d.o.o. [31073587765],NE
Istarska,Tinjan,1729,Usluga d.o.o. (Pazin),03455963475,USLUGA d.o.o. PAZIN,NE,,,Usluga d.o.o. [3455963475],NE
Istarska,Višnjan – Visignano,2096,Usluga Poreč d.o.o.,31073587765,USLUGA POREČ d.o.o.,NE,,,Usluga Poreč d.o.o. [31073587765],NE
Istarska,Vižinada – Visinada,1142,Usluga Poreč d.o.o.,31073587765,USLUGA POREČ d.o.o.,NE,Usluga Poreč d.o.o. [31073587765] od 18.02.2022.,NE,Usluga Poreč d.o.o. [31073587765],NE
Istarska,Vrsar – Orsera,1923,Usluga Poreč d.o.o.,31073587765,USLUGA POREČ d.o.o.,NE,,,Usluga Poreč d.o.o. [31073587765],NE
Istarska,Žminj,3360,KOMUNALNI SERVIS D.O.O.,22751868617,KOMUNALNI SERVIS d.o.o.,NE,,,Komunalni servisi d.o.o. [22751868617],NE
Dubrovačko-neretvanska,Dubrovnik,41562,ČISTOĆA d.o.o. (Dubrovnik),16912997621,"ČISTOĆA d.o.o., Dubrovnik",NE,,,Čistoća d.o.o. [16912997621],NE
Dubrovačko-neretvanska,Korčula,5415,KTD Hober d.o.o.,90015801532,KOMUNALNO TRGOVAČKO DRUŠTVO HOBER d.o.o.,NE,,,KTD Hober d.o.o. [90015801532],NE
Dubrovačko-neretvanska,Metković,15235,Čistoća Metković d.o.o. | Respekt d.o.o.,53973515423 | 86484196363,Čistoća Metković d.o.o.,NE,,,Čistoća Metković d.o.o. [53973515423],NE
Dubrovačko-neretvanska,Opuzen,2838,ČISTOĆA OPUZEN D.O.O.,76374489207,ČISTOĆA OPUZEN d.o.o.,NE,,,Čistoća Opuzen d.o.o. [76374489207],NE
Dubrovačko-neretvanska,Ploče,8220,Komunalno održavanje d.o.o. (Ploče),44270699963,KOMUNALNO ODRŽAVANJE d.o.o.,NE,,,Komunalno održavanje d.o.o. [44270699963],NE
Dubrovačko-neretvanska,Blato,3330,EKO d.o.o. (BLATO),97960781044,"EKO d.o.o., Blato",NE,,,EKO d.o.o. [97960781044],NE
Dubrovačko-neretvanska,Dubrovačko primorje,1636,ČISTOĆA d.o.o. (Dubrovnik),16912997621,"ČISTOĆA d.o.o., Dubrovnik",NE,,,Čistoća d.o.o. [16912997621],NE
Dubrovačko-neretvanska,Janjina,522,VLASTITI POGON OPĆINE JANJINA,52759181451,,,,,Vlastiti pogon općine Jnjina [52759181451],NE
Dubrovačko-neretvanska,Konavle,8607,ČISTOĆA d.o.o. (Dubrovnik),16912997621,"ČISTOĆA d.o.o., Dubrovnik",NE,,,Čistoća d.o.o. [16912997621],NE
Dubrovačko-neretvanska,Kula Norinska,1414,Čistoća Metković d.o.o.,53973515423,,,,,Čistoća Metković d.o.o. [53975315423],NE
Dubrovačko-neretvanska,Lastovo,748,Komunalac d.o.o. Lastovo,,"KOMUNALAC d.o.o., Lastovo",NE,,,Komunalac d.o.o. [09301935182],NE
Dubrovačko-neretvanska,Lumbarda,1209,KTD Mindel d.o.o.,96575017786,KTD MINDEL d.o.o.,NE,Komunalno trgovačko društvo Mindel d.o.o. [96575017786] od 18.01.2022.,NE,KTD Mindel d.o.o. [96575017786],NE
Dubrovačko-neretvanska,Mljet,1062,Komunalno Mljet d.o.o.,78985387533,KOMUNALNO MLJET d.o.o.,NE,,,Komunalno Mljet d.o.o. [78985387533],NE
Dubrovačko-neretvanska,Orebić,3705,KTD Bilan d.o.o.,84920906210,KTD BILAN d.o.o.,NE,,,KTD BILAN d.o.o. [84920906210],NE
Dubrovačko-neretvanska,Pojezerje,943,GRADSKA ČISTOĆA I USLUGE D.O.O.,00031138108,,,,,Gradska čistoća i usluge d.o.o. [31138108],NE
Dubrovačko-neretvanska,Slivno,2046,Komunalac Slivno d.o.o.,11050979478,,,,,Komunalac Slivno d.o.o. [11050979478],NE
Dubrovačko-neretvanska,Smokvica,868,Krublić d.o.o.,39986921324,KRUBLIĆ d.o.o.,NE,,,Krublić d.o.o. [39986921324],NE
Dubrovačko-neretvanska,Ston,2491,Komunalno društvo Ston d.o.o.,53342150077,KOMUNALNO DRUŠTVO STON d.o.o.,NE,,,Komunalno društvo Ston d.o.o. [53342150077],NE
Dubrovačko-neretvanska,Trpanj,683,Komunalno Trpanj d.o.o.,54389735230,,,,,Komunalno Trpanj d.o.o. [54389735230],NE
Dubrovačko-neretvanska,Vela Luka,3772,Komunalne djelatnosti d.o.o. (Vela Luka),80457977311,KOMUNALNE DJELATNOSTI d.o.o. Vela Luka,NE,,,Komunalne djelatnosti d.o.o. [80457977311],NE
Dubrovačko-neretvanska,Zažablje,553,ČISTOĆA OPUZEN D.O.O.,76374489207,,,,,Zažablje d.o.o. [88938959735],DA
Dubrovačko-neretvanska,Župa dubrovačka,8705,ČISTOĆA d.o.o. (Dubrovnik),16912997621,"ČISTOĆA d.o.o., Dubrovnik",NE,,,Čistoća d.o.o. [16912997621],NE
Međimurska,Čakovec,27122,Gradsko komunalno poduzeće ČAKOM d.o.o.,14001865632,GKP ČAKOM d.o.o.,NE,,,Gradsko komunalno poduzeće ČAKOM d.o.o. [14001865632],NE
Međimurska,Mursko Središće,5855,MURS-EKOM d.o.o.,34333795582,MURS-EKOM d.o.o.,NE,,,Murs-Ekom d.o.o. [34333795582],NE
Međimurska,Prelog,7027,Gradsko komunalno poduzeće PRE-KOM društvo s ograničenom odgovornošću za obavljanje komunalnih djelatnosti,15704341739,GKP PRE-KOM d.o.o.,NE,GKP PRE-KOM d.o.o. [15704341739] od 03.01.2022.,NE,Gradsko komunalno poduzeće PRE-KOM d.o.o. [15704341739],NE
Međimurska,Belica,2822,Gradsko komunalno poduzeće PRE-KOM društvo s ograničenom odgovornošću za obavljanje komunalnih djelatnosti,15704341739,GKP PRE-KOM d.o.o.,NE,,,Gradsko komunalno poduzeće PRE-KOM d.o.o. [15704341739],NE
Međimurska,Dekanovec,739,Gradsko komunalno poduzeće PRE-KOM društvo s ograničenom odgovornošću za obavljanje komunalnih djelatnosti,15704341739,GKP PRE-KOM d.o.o.,NE,,,Gradsko komunalno poduzeće PRE-KOM d.o.o. [15704341739],NE
Međimurska,Domašinec,1923,Gradsko komunalno poduzeće PRE-KOM društvo s ograničenom odgovornošću za obavljanje komunalnih djelatnosti,15704341739,GKP PRE-KOM d.o.o.,NE,GKP PRE-KOM d.o.o. [15704341739] od 07.01.2022.,NE,Gradsko komunalno poduzeće PRE-KOM d.o.o. [15704341739],NE
Međimurska,Donja Dubrava,1658,Gradsko komunalno poduzeće PRE-KOM društvo s ograničenom odgovornošću za obavljanje komunalnih djelatnosti,15704341739,GKP PRE-KOM d.o.o.,NE,,,Gradsko komunalno poduzeće PRE-KOM d.o.o. [15704341739],NE
Međimurska,Donji Kraljevec,4043,Gradsko komunalno poduzeće PRE-KOM društvo s ograničenom odgovornošću za obavljanje komunalnih djelatnosti,15704341739,GKP PRE-KOM d.o.o.,NE,GKP PRE-KOM d.o.o. [15704341739] od 27.12.2021.,NE,Gradsko komunalno poduzeće PRE-KOM d.o.o. [15704341739],NE
Međimurska,Donji Vidovec,1197,Gradsko komunalno poduzeće PRE-KOM društvo s ograničenom odgovornošću za obavljanje komunalnih djelatnosti,15704341739,GKP PRE-KOM d.o.o.,NE,,,Gradsko komunalno poduzeće PRE-KOM d.o.o. [15704341739],NE
Međimurska,Goričan,2343,Gradsko komunalno poduzeće PRE-KOM društvo s ograničenom odgovornošću za obavljanje komunalnih djelatnosti,15704341739,GKP PRE-KOM d.o.o.,NE,,,Gradsko komunalno poduzeće PRE-KOM d.o.o. [15704341739],NE
Međimurska,Gornji Mihaljevec,1740,EKO - FLOR PLUS D.O.O.,50730247993,GKP ČAKOM d.o.o.,DA,,,Eko-flor plus d.o.o. [50730247993],NE
Međimurska,Kotoriba,2938,Gradsko komunalno poduzeće PRE-KOM društvo s ograničenom odgovornošću za obavljanje komunalnih djelatnosti,15704341739,GKP PRE-KOM d.o.o.,NE,GKP PRE-KOM d.o.o. [15704341739] od 08.12.2021.,NE,Gradsko komunalno poduzeće PRE-KOM d.o.o. [15704341739],NE
Međimurska,Mala Subotica,4344,Gradsko komunalno poduzeće ČAKOM d.o.o.,14001865632,GKP ČAKOM d.o.o.,NE,,,Gradsko komunalno poduzeće ČAKOM d.o.o. [14001865632],NE
Međimurska,Nedelišće,11017,Gradsko komunalno poduzeće ČAKOM d.o.o.,14001865632,GKP ČAKOM d.o.o.,NE,,,Gradsko komunalno poduzeće ČAKOM d.o.o. [14001865632],NE
Međimurska,Orehovica,2720,Gradsko komunalno poduzeće ČAKOM d.o.o.,14001865632,GKP ČAKOM d.o.o.,NE,,,Gradsko komunalno poduzeće ČAKOM d.o.o. [14001865632],NE
Međimurska,Podturen,3517,Gradsko komunalno poduzeće PRE-KOM društvo s ograničenom odgovornošću za obavljanje komunalnih djelatnosti,15704341739,GKP PRE-KOM d.o.o.,NE,,,Gradsko komunalno poduzeće PRE-KOM d.o.o. [15704341739],NE
Međimurska,Pribislavec,2963,Gradsko komunalno poduzeće PRE-KOM društvo s ograničenom odgovornošću za obavljanje komunalnih djelatnosti,15704341739,GKP PRE-KOM d.o.o.,NE,,,Gradsko komunalno poduzeće PRE-KOM d.o.o. [15704341739],NE
Međimurska,Selnica,2636,MURS-EKOM d.o.o.,34333795582,MURS-EKOM d.o.o.,NE,,,Murs-Ekom d.o.o. [34333795582],NE
Međimurska,Strahoninec,2598,Gradsko komunalno poduzeće ČAKOM d.o.o.,14001865632,GKP ČAKOM d.o.o.,NE,,,Gradsko komunalno poduzeće ČAKOM d.o.o. [14001865632],NE
Međimurska,Sveta Marija,1990,Gradsko komunalno poduzeće PRE-KOM društvo s ograničenom odgovornošću za obavljanje komunalnih djelatnosti,15704341739,GKP PRE-KOM d.o.o.,NE,GKP PRE-KOM d.o.o. [15704341739] od 31.12.2021.,NE,Gradsko komunalno poduzeće PRE-KOM d.o.o. [15704341739],NE
Međimurska,Sveti Juraj na Bregu,4929,MULL-TRANS d.o.o.,81751042446,MULL-TRANS d.o.o.,NE,,,Mull-trans d.o.o. [81751042446],NE
Međimurska,Sveti Martin na Muri,2391,MURS-EKOM d.o.o.,34333795582,MURS-EKOM d.o.o.,NE,,,Murs-Ekom d.o.o. [34333795582],NE
Međimurska,Šenkovec,2708,Gradsko komunalno poduzeće ČAKOM d.o.o.,14001865632,GKP ČAKOM d.o.o.,NE,,,Gradsko komunalno poduzeće ČAKOM d.o.o. [14001865632],NE
Međimurska,Štrigova,2357,Gradsko komunalno poduzeće ČAKOM d.o.o.,14001865632,GKP ČAKOM d.o.o.,NE,GKP ČAKOM d.o.o. [14001865632] od 31.12.2021.,NE,Gradsko komunalno poduzeće ČAKOM d.o.o. [14001865632],NE
Međimurska,Vratišinec,1673,MURS-EKOM d.o.o.,34333795582,MURS-EKOM d.o.o.,NE,,,Murs-Ekom d.o.o. [34333795582],NE
Grad Zagreb,Zagreb,767131,"ZAGREBAČKI HOLDING D.O.O., PODRUŽNICA ČISTOĆA",85584865987,ZAGREBAČKI HOLDING d.o.o. PODRUŽNICA ČISTOĆA,NE,,,"Zagrebački holding d.o.o., podružnica Čistoća [85584865987]",NE
